image,method,ocr_confidence,field,actual,predicted,exact_match,character_accuracy
invoice_001.jpg,Original,91.45,Invoice Number,51109338,51109338,True,100.0
invoice_001.jpg,Original,91.45,Invoice Date,04/13/2013,04/13/2013,True,100.0
invoice_001.jpg,Original,91.45,Seller Tax ID,945-82-2137,945-82-2137,True,100.0
invoice_001.jpg,Original,91.45,Client Tax ID,942-80-0517,942-80-0517,True,100.0
invoice_001.jpg,Original,91.45,Seller IBAN,GB75MCRL06841367619257,GB75MCRL06841367619257,True,100.0
invoice_001.jpg,Original,91.45,Net Worth,5640.17,5640.17,True,100.0
invoice_001.jpg,Original,91.45,VAT,564.02,564.02,True,100.0
invoice_001.jpg,Original,91.45,Gross Worth,6204.19,6204.19,True,100.0
invoice_001.jpg,Gray,90.87,Invoice Number,51109338,51109338,True,100.0
invoice_001.jpg,Gray,90.87,Invoice Date,04/13/2013,04/13/2013,True,100.0
invoice_001.jpg,Gray,90.87,Seller Tax ID,945-82-2137,945-82-2137,True,100.0
invoice_001.jpg,Gray,90.87,Client Tax ID,942-80-0517,942-80-0517,True,100.0
invoice_001.jpg,Gray,90.87,Seller IBAN,GB75MCRL06841367619257,GB75MCRL06841367619257,True,100.0
invoice_001.jpg,Gray,90.87,Net Worth,5640.17,5640.17,True,100.0
invoice_001.jpg,Gray,90.87,VAT,564.02,564.02,True,100.0
invoice_001.jpg,Gray,90.87,Gross Worth,6204.19,6204.19,True,100.0
invoice_001.jpg,Threshold,91.7,Invoice Number,51109338,51109338,True,100.0
invoice_001.jpg,Threshold,91.7,Invoice Date,04/13/2013,04/13/2013,True,100.0
invoice_001.jpg,Threshold,91.7,Seller Tax ID,945-82-2137,945-82-2137,True,100.0
invoice_001.jpg,Threshold,91.7,Client Tax ID,942-80-0517,942-80-0517,True,100.0
invoice_001.jpg,Threshold,91.7,Seller IBAN,GB75MCRL06841367619257,GB75MCRL06841367619257,True,100.0
invoice_001.jpg,Threshold,91.7,Net Worth,5640.17,5640.17,True,100.0
invoice_001.jpg,Threshold,91.7,VAT,564.02,564.02,True,100.0
invoice_001.jpg,Threshold,91.7,Gross Worth,6204.19,6204.19,True,100.0
invoice_001.jpg,Adaptive,18.39,Invoice Number,51109338,,False,0.0
invoice_001.jpg,Adaptive,18.39,Invoice Date,04/13/2013,,False,0.0
invoice_001.jpg,Adaptive,18.39,Seller Tax ID,945-82-2137,,False,0.0
invoice_001.jpg,Adaptive,18.39,Client Tax ID,942-80-0517,,False,0.0
invoice_001.jpg,Adaptive,18.39,Seller IBAN,GB75MCRL06841367619257,,False,0.0
invoice_001.jpg,Adaptive,18.39,Net Worth,5640.17,,False,0.0
invoice_001.jpg,Adaptive,18.39,VAT,564.02,,False,0.0
invoice_001.jpg,Adaptive,18.39,Gross Worth,6204.19,,False,0.0
invoice_001.jpg,Denoise,90.64,Invoice Number,51109338,51109338,True,100.0
invoice_001.jpg,Denoise,90.64,Invoice Date,04/13/2013,04/13/2013,True,100.0
invoice_001.jpg,Denoise,90.64,Seller Tax ID,945-82-2137,945-82-2137,True,100.0
invoice_001.jpg,Denoise,90.64,Client Tax ID,942-80-0517,942-80-0517,True,100.0
invoice_001.jpg,Denoise,90.64,Seller IBAN,GB75MCRL06841367619257,GB75MCRL06841367619257,True,100.0
invoice_001.jpg,Denoise,90.64,Net Worth,5640.17,5640.17,True,100.0
invoice_001.jpg,Denoise,90.64,VAT,564.02,564.02,True,100.0
invoice_001.jpg,Denoise,90.64,Gross Worth,6204.19,6204.19,True,100.0
invoice_001.jpg,Resize,91.46,Invoice Number,51109338,51109338,True,100.0
invoice_001.jpg,Resize,91.46,Invoice Date,04/13/2013,04/13/2013,True,100.0
invoice_001.jpg,Resize,91.46,Seller Tax ID,945-82-2137,945-82-2137,True,100.0
invoice_001.jpg,Resize,91.46,Client Tax ID,942-80-0517,942-80-0517,True,100.0
invoice_001.jpg,Resize,91.46,Seller IBAN,GB75MCRL06841367619257,GB75MCRL06841367619257,True,100.0
invoice_001.jpg,Resize,91.46,Net Worth,5640.17,5640.17,True,100.0
invoice_001.jpg,Resize,91.46,VAT,564.02,564.02,True,100.0
invoice_001.jpg,Resize,91.46,Gross Worth,6204.19,6204.19,True,100.0
invoice_001.jpg,Sharpen,60.15,Invoice Number,51109338,51109338,True,100.0
invoice_001.jpg,Sharpen,60.15,Invoice Date,04/13/2013,04/13/2013,True,100.0
invoice_001.jpg,Sharpen,60.15,Seller Tax ID,945-82-2137,945-82-2137,True,100.0
invoice_001.jpg,Sharpen,60.15,Client Tax ID,942-80-0517,942-80-0517,True,100.0
invoice_001.jpg,Sharpen,60.15,Seller IBAN,GB75MCRL06841367619257,GB75MCRL06841367619257,True,100.0
invoice_001.jpg,Sharpen,60.15,Net Worth,5640.17,6204.19,False,42.86
invoice_001.jpg,Sharpen,60.15,VAT,564.02,5640.17,False,57.14
invoice_001.jpg,Sharpen,60.15,Gross Worth,6204.19,564.02,False,28.57
invoice_002.jpg,Original,88.54,Invoice Number,78605417,78605417,True,100.0
invoice_002.jpg,Original,88.54,Invoice Date,08/07/2017,08/07/2017,True,100.0
invoice_002.jpg,Original,88.54,Seller Tax ID,909-73-7194,909-73-7194,True,100.0
invoice_002.jpg,Original,88.54,Client Tax ID,940-87-7017,940-87-7017,True,100.0
invoice_002.jpg,Original,88.54,Seller IBAN,GB17WVTT56005535188252,GB17WVTT56005535188252,True,100.0
invoice_002.jpg,Original,88.54,Net Worth,656.46,656.46,True,100.0
invoice_002.jpg,Original,88.54,VAT,65.65,65.65,True,100.0
invoice_002.jpg,Original,88.54,Gross Worth,722.11,722.11,True,100.0
invoice_002.jpg,Gray,88.56,Invoice Number,78605417,78605417,True,100.0
invoice_002.jpg,Gray,88.56,Invoice Date,08/07/2017,08/07/2017,True,100.0
invoice_002.jpg,Gray,88.56,Seller Tax ID,909-73-7194,909-73-7194,True,100.0
invoice_002.jpg,Gray,88.56,Client Tax ID,940-87-7017,940-87-7017,True,100.0
invoice_002.jpg,Gray,88.56,Seller IBAN,GB17WVTT56005535188252,GB17WVTT56005535188252,True,100.0
invoice_002.jpg,Gray,88.56,Net Worth,656.46,656.46,True,100.0
invoice_002.jpg,Gray,88.56,VAT,65.65,65.65,True,100.0
invoice_002.jpg,Gray,88.56,Gross Worth,722.11,722.11,True,100.0
invoice_002.jpg,Threshold,89.04,Invoice Number,78605417,78605417,True,100.0
invoice_002.jpg,Threshold,89.04,Invoice Date,08/07/2017,08/07/2017,True,100.0
invoice_002.jpg,Threshold,89.04,Seller Tax ID,909-73-7194,909-73-7194,True,100.0
invoice_002.jpg,Threshold,89.04,Client Tax ID,940-87-7017,940-87-7017,True,100.0
invoice_002.jpg,Threshold,89.04,Seller IBAN,GB17WVTT56005535188252,GB17WVTT56005535188252,True,100.0
invoice_002.jpg,Threshold,89.04,Net Worth,656.46,656.46,True,100.0
invoice_002.jpg,Threshold,89.04,VAT,65.65,65.65,True,100.0
invoice_002.jpg,Threshold,89.04,Gross Worth,722.11,722.11,True,100.0
invoice_002.jpg,Adaptive,60.76,Invoice Number,78605417,78605417,True,100.0
invoice_002.jpg,Adaptive,60.76,Invoice Date,08/07/2017,,False,0.0
invoice_002.jpg,Adaptive,60.76,Seller Tax ID,909-73-7194,909-73-7194,True,100.0
invoice_002.jpg,Adaptive,60.76,Client Tax ID,940-87-7017,940-87-7017,True,100.0
invoice_002.jpg,Adaptive,60.76,Seller IBAN,GB17WVTT56005535188252,GB17WV1156005535188252,False,90.91
invoice_002.jpg,Adaptive,60.76,Net Worth,656.46,,False,0.0
invoice_002.jpg,Adaptive,60.76,VAT,65.65,,False,0.0
invoice_002.jpg,Adaptive,60.76,Gross Worth,722.11,,False,0.0
invoice_002.jpg,Denoise,88.83,Invoice Number,78605417,78605417,True,100.0
invoice_002.jpg,Denoise,88.83,Invoice Date,08/07/2017,08/07/2017,True,100.0
invoice_002.jpg,Denoise,88.83,Seller Tax ID,909-73-7194,909-73-7194,True,100.0
invoice_002.jpg,Denoise,88.83,Client Tax ID,940-87-7017,940-87-7017,True,100.0
invoice_002.jpg,Denoise,88.83,Seller IBAN,GB17WVTT56005535188252,GB17WVTT56005535188252,True,100.0
invoice_002.jpg,Denoise,88.83,Net Worth,656.46,656.46,True,100.0
invoice_002.jpg,Denoise,88.83,VAT,65.65,65.65,True,100.0
invoice_002.jpg,Denoise,88.83,Gross Worth,722.11,722.11,True,100.0
invoice_002.jpg,Resize,91.31,Invoice Number,78605417,78605417,True,100.0
invoice_002.jpg,Resize,91.31,Invoice Date,08/07/2017,08/07/2017,True,100.0
invoice_002.jpg,Resize,91.31,Seller Tax ID,909-73-7194,909-73-7194,True,100.0
invoice_002.jpg,Resize,91.31,Client Tax ID,940-87-7017,940-87-7017,True,100.0
invoice_002.jpg,Resize,91.31,Seller IBAN,GB17WVTT56005535188252,GB17WVTT56005535188252,True,100.0
invoice_002.jpg,Resize,91.31,Net Worth,656.46,656.46,True,100.0
invoice_002.jpg,Resize,91.31,VAT,65.65,65.65,True,100.0
invoice_002.jpg,Resize,91.31,Gross Worth,722.11,722.11,True,100.0
invoice_002.jpg,Sharpen,88.33,Invoice Number,78605417,78605417,True,100.0
invoice_002.jpg,Sharpen,88.33,Invoice Date,08/07/2017,,False,0.0
invoice_002.jpg,Sharpen,88.33,Seller Tax ID,909-73-7194,909-73-7194,True,100.0
invoice_002.jpg,Sharpen,88.33,Client Tax ID,940-87-7017,940-87-7017,True,100.0
invoice_002.jpg,Sharpen,88.33,Seller IBAN,GB17WVTT56005535188252,GB17WV1T15600553518825,False,86.36
invoice_002.jpg,Sharpen,88.33,Net Worth,656.46,656.46,True,100.0
invoice_002.jpg,Sharpen,88.33,VAT,65.65,65.65,True,100.0
invoice_002.jpg,Sharpen,88.33,Gross Worth,722.11,722.11,True,100.0
invoice_003.jpg,Original,90.42,Invoice Number,94786467,94786467,True,100.0
invoice_003.jpg,Original,90.42,Invoice Date,11/19/2013,11/19/2013,True,100.0
invoice_003.jpg,Original,90.42,Seller Tax ID,936-70-6673,936-70-6673,True,100.0
invoice_003.jpg,Original,90.42,Client Tax ID,919-88-4424,919-88-4424,True,100.0
invoice_003.jpg,Original,90.42,Seller IBAN,GB18QZIH77960348255932,GB18QZIH77960348255932,True,100.0
invoice_003.jpg,Original,90.42,Net Worth,7708.25,7708.25,True,100.0
invoice_003.jpg,Original,90.42,VAT,770.83,770.83,True,100.0
invoice_003.jpg,Original,90.42,Gross Worth,8479.08,8479.08,True,100.0
invoice_003.jpg,Gray,90.51,Invoice Number,94786467,94786467,True,100.0
invoice_003.jpg,Gray,90.51,Invoice Date,11/19/2013,11/19/2013,True,100.0
invoice_003.jpg,Gray,90.51,Seller Tax ID,936-70-6673,936-70-6673,True,100.0
invoice_003.jpg,Gray,90.51,Client Tax ID,919-88-4424,919-88-4424,True,100.0
invoice_003.jpg,Gray,90.51,Seller IBAN,GB18QZIH77960348255932,GB18QZIH77960348255932,True,100.0
invoice_003.jpg,Gray,90.51,Net Worth,7708.25,7708.25,True,100.0
invoice_003.jpg,Gray,90.51,VAT,770.83,770.83,True,100.0
invoice_003.jpg,Gray,90.51,Gross Worth,8479.08,8479.08,True,100.0
invoice_003.jpg,Threshold,91.16,Invoice Number,94786467,94786467,True,100.0
invoice_003.jpg,Threshold,91.16,Invoice Date,11/19/2013,11/19/2013,True,100.0
invoice_003.jpg,Threshold,91.16,Seller Tax ID,936-70-6673,936-70-6673,True,100.0
invoice_003.jpg,Threshold,91.16,Client Tax ID,919-88-4424,919-88-4424,True,100.0
invoice_003.jpg,Threshold,91.16,Seller IBAN,GB18QZIH77960348255932,GB18QZIH77960348255932,True,100.0
invoice_003.jpg,Threshold,91.16,Net Worth,7708.25,7708.25,True,100.0
invoice_003.jpg,Threshold,91.16,VAT,770.83,770.83,True,100.0
invoice_003.jpg,Threshold,91.16,Gross Worth,8479.08,8479.08,True,100.0
invoice_003.jpg,Adaptive,56.22,Invoice Number,94786467,,False,0.0
invoice_003.jpg,Adaptive,56.22,Invoice Date,11/19/2013,11/19/2013,True,100.0
invoice_003.jpg,Adaptive,56.22,Seller Tax ID,936-70-6673,936-70-6673,True,100.0
invoice_003.jpg,Adaptive,56.22,Client Tax ID,919-88-4424,919-88-4424,True,100.0
invoice_003.jpg,Adaptive,56.22,Seller IBAN,GB18QZIH77960348255932,,False,0.0
invoice_003.jpg,Adaptive,56.22,Net Worth,7708.25,7708.25,True,100.0
invoice_003.jpg,Adaptive,56.22,VAT,770.83,770.83,True,100.0
invoice_003.jpg,Adaptive,56.22,Gross Worth,8479.08,479.08,False,85.71
invoice_003.jpg,Denoise,91.24,Invoice Number,94786467,94786467,True,100.0
invoice_003.jpg,Denoise,91.24,Invoice Date,11/19/2013,11/19/2013,True,100.0
invoice_003.jpg,Denoise,91.24,Seller Tax ID,936-70-6673,936-70-6673,True,100.0
invoice_003.jpg,Denoise,91.24,Client Tax ID,919-88-4424,919-88-4424,True,100.0
invoice_003.jpg,Denoise,91.24,Seller IBAN,GB18QZIH77960348255932,GB18QZIH77960348255932,True,100.0
invoice_003.jpg,Denoise,91.24,Net Worth,7708.25,7708.25,True,100.0
invoice_003.jpg,Denoise,91.24,VAT,770.83,770.83,True,100.0
invoice_003.jpg,Denoise,91.24,Gross Worth,8479.08,8479.08,True,100.0
invoice_003.jpg,Resize,93.95,Invoice Number,94786467,94786467,True,100.0
invoice_003.jpg,Resize,93.95,Invoice Date,11/19/2013,11/19/2013,True,100.0
invoice_003.jpg,Resize,93.95,Seller Tax ID,936-70-6673,936-70-6673,True,100.0
invoice_003.jpg,Resize,93.95,Client Tax ID,919-88-4424,919-88-4424,True,100.0
invoice_003.jpg,Resize,93.95,Seller IBAN,GB18QZIH77960348255932,GB18QZIH77960348255932,True,100.0
invoice_003.jpg,Resize,93.95,Net Worth,7708.25,7708.25,True,100.0
invoice_003.jpg,Resize,93.95,VAT,770.83,770.83,True,100.0
invoice_003.jpg,Resize,93.95,Gross Worth,8479.08,8479.08,True,100.0
invoice_003.jpg,Sharpen,90.87,Invoice Number,94786467,94786467,True,100.0
invoice_003.jpg,Sharpen,90.87,Invoice Date,11/19/2013,11/19/2013,True,100.0
invoice_003.jpg,Sharpen,90.87,Seller Tax ID,936-70-6673,936-70-6673,True,100.0
invoice_003.jpg,Sharpen,90.87,Client Tax ID,919-88-4424,919-88-4424,True,100.0
invoice_003.jpg,Sharpen,90.87,Seller IBAN,GB18QZIH77960348255932,GB18QZIH77960348255932,True,100.0
invoice_003.jpg,Sharpen,90.87,Net Worth,7708.25,7708.25,True,100.0
invoice_003.jpg,Sharpen,90.87,VAT,770.83,770.83,True,100.0
invoice_003.jpg,Sharpen,90.87,Gross Worth,8479.08,8479.08,True,100.0
invoice_004.jpg,Original,92.69,Invoice Number,53553822,53553822,True,100.0
invoice_004.jpg,Original,92.69,Invoice Date,07/24/2012,07/24/2012,True,100.0
invoice_004.jpg,Original,92.69,Seller Tax ID,926-74-9803,926-74-9803,True,100.0
invoice_004.jpg,Original,92.69,Client Tax ID,935-94-0783,935-94-0783,True,100.0
invoice_004.jpg,Original,92.69,Seller IBAN,GB21NRBX59248288874823,GB21NRBX59248288874823,True,100.0
invoice_004.jpg,Original,92.69,Net Worth,23399.04,23399.04,True,100.0
invoice_004.jpg,Original,92.69,VAT,2339.90,2339.90,True,100.0
invoice_004.jpg,Original,92.69,Gross Worth,25738.94,25738.94,True,100.0
invoice_004.jpg,Gray,92.69,Invoice Number,53553822,53553822,True,100.0
invoice_004.jpg,Gray,92.69,Invoice Date,07/24/2012,07/24/2012,True,100.0
invoice_004.jpg,Gray,92.69,Seller Tax ID,926-74-9803,926-74-9803,True,100.0
invoice_004.jpg,Gray,92.69,Client Tax ID,935-94-0783,935-94-0783,True,100.0
invoice_004.jpg,Gray,92.69,Seller IBAN,GB21NRBX59248288874823,GB21NRBX59248288874823,True,100.0
invoice_004.jpg,Gray,92.69,Net Worth,23399.04,23399.04,True,100.0
invoice_004.jpg,Gray,92.69,VAT,2339.90,2339.90,True,100.0
invoice_004.jpg,Gray,92.69,Gross Worth,25738.94,25738.94,True,100.0
invoice_004.jpg,Threshold,92.56,Invoice Number,53553822,53553822,True,100.0
invoice_004.jpg,Threshold,92.56,Invoice Date,07/24/2012,07/24/2012,True,100.0
invoice_004.jpg,Threshold,92.56,Seller Tax ID,926-74-9803,926-74-9803,True,100.0
invoice_004.jpg,Threshold,92.56,Client Tax ID,935-94-0783,935-94-0783,True,100.0
invoice_004.jpg,Threshold,92.56,Seller IBAN,GB21NRBX59248288874823,GB21NRBX59248288874823,True,100.0
invoice_004.jpg,Threshold,92.56,Net Worth,23399.04,23399.04,True,100.0
invoice_004.jpg,Threshold,92.56,VAT,2339.90,2339.90,True,100.0
invoice_004.jpg,Threshold,92.56,Gross Worth,25738.94,25738.94,True,100.0
invoice_004.jpg,Adaptive,27.0,Invoice Number,53553822,,False,0.0
invoice_004.jpg,Adaptive,27.0,Invoice Date,07/24/2012,,False,0.0
invoice_004.jpg,Adaptive,27.0,Seller Tax ID,926-74-9803,,False,0.0
invoice_004.jpg,Adaptive,27.0,Client Tax ID,935-94-0783,,False,0.0
invoice_004.jpg,Adaptive,27.0,Seller IBAN,GB21NRBX59248288874823,GB21NRBX59248288874823,True,100.0
invoice_004.jpg,Adaptive,27.0,Net Worth,23399.04,,False,0.0
invoice_004.jpg,Adaptive,27.0,VAT,2339.90,,False,0.0
invoice_004.jpg,Adaptive,27.0,Gross Worth,25738.94,,False,0.0
invoice_004.jpg,Denoise,92.7,Invoice Number,53553822,53553822,True,100.0
invoice_004.jpg,Denoise,92.7,Invoice Date,07/24/2012,07/24/2012,True,100.0
invoice_004.jpg,Denoise,92.7,Seller Tax ID,926-74-9803,926-74-9803,True,100.0
invoice_004.jpg,Denoise,92.7,Client Tax ID,935-94-0783,935-94-0783,True,100.0
invoice_004.jpg,Denoise,92.7,Seller IBAN,GB21NRBX59248288874823,GB21NRBX59248288874823,True,100.0
invoice_004.jpg,Denoise,92.7,Net Worth,23399.04,23399.04,True,100.0
invoice_004.jpg,Denoise,92.7,VAT,2339.90,2339.90,True,100.0
invoice_004.jpg,Denoise,92.7,Gross Worth,25738.94,25738.94,True,100.0
invoice_004.jpg,Resize,35.68,Invoice Number,53553822,53553822000,False,72.73
invoice_004.jpg,Resize,35.68,Invoice Date,07/24/2012,,False,0.0
invoice_004.jpg,Resize,35.68,Seller Tax ID,926-74-9803,926-74-9803,True,100.0
invoice_004.jpg,Resize,35.68,Client Tax ID,935-94-0783,,False,0.0
invoice_004.jpg,Resize,35.68,Seller IBAN,GB21NRBX59248288874823,GB21NRBX59248288874823,True,100.0
invoice_004.jpg,Resize,35.68,Net Worth,23399.04,,False,0.0
invoice_004.jpg,Resize,35.68,VAT,2339.90,,False,0.0
invoice_004.jpg,Resize,35.68,Gross Worth,25738.94,,False,0.0
invoice_004.jpg,Sharpen,89.78,Invoice Number,53553822,53553822,True,100.0
invoice_004.jpg,Sharpen,89.78,Invoice Date,07/24/2012,07/24/2012,True,100.0
invoice_004.jpg,Sharpen,89.78,Seller Tax ID,926-74-9803,926-74-9803,True,100.0
invoice_004.jpg,Sharpen,89.78,Client Tax ID,935-94-0783,935-94-0783,True,100.0
invoice_004.jpg,Sharpen,89.78,Seller IBAN,GB21NRBX59248288874823,GB21NRBX59248288874823,True,100.0
invoice_004.jpg,Sharpen,89.78,Net Worth,23399.04,23399.04,True,100.0
invoice_004.jpg,Sharpen,89.78,VAT,2339.90,2339.90,True,100.0
invoice_004.jpg,Sharpen,89.78,Gross Worth,25738.94,25738.94,True,100.0
invoice_005.jpg,Original,93.79,Invoice Number,26700559,26700559,True,100.0
invoice_005.jpg,Original,93.79,Invoice Date,01/11/2018,01/11/2018,True,100.0
invoice_005.jpg,Original,93.79,Seller Tax ID,974-76-2764,974-76-2764,True,100.0
invoice_005.jpg,Original,93.79,Client Tax ID,958-82-3330,958-82-3330,True,100.0
invoice_005.jpg,Original,93.79,Seller IBAN,GB35YDNN61347660277835,GB35YDNN61347660277835,True,100.0
invoice_005.jpg,Original,93.79,Net Worth,311.70,311.70,True,100.0
invoice_005.jpg,Original,93.79,VAT,31.17,31.17,True,100.0
invoice_005.jpg,Original,93.79,Gross Worth,342.87,342.87,True,100.0
invoice_005.jpg,Gray,93.8,Invoice Number,26700559,26700559,True,100.0
invoice_005.jpg,Gray,93.8,Invoice Date,01/11/2018,01/11/2018,True,100.0
invoice_005.jpg,Gray,93.8,Seller Tax ID,974-76-2764,974-76-2764,True,100.0
invoice_005.jpg,Gray,93.8,Client Tax ID,958-82-3330,958-82-3330,True,100.0
invoice_005.jpg,Gray,93.8,Seller IBAN,GB35YDNN61347660277835,GB35YDNN61347660277835,True,100.0
invoice_005.jpg,Gray,93.8,Net Worth,311.70,311.70,True,100.0
invoice_005.jpg,Gray,93.8,VAT,31.17,31.17,True,100.0
invoice_005.jpg,Gray,93.8,Gross Worth,342.87,342.87,True,100.0
invoice_005.jpg,Threshold,93.94,Invoice Number,26700559,26700559,True,100.0
invoice_005.jpg,Threshold,93.94,Invoice Date,01/11/2018,01/11/2018,True,100.0
invoice_005.jpg,Threshold,93.94,Seller Tax ID,974-76-2764,974-76-2764,True,100.0
invoice_005.jpg,Threshold,93.94,Client Tax ID,958-82-3330,958-82-3330,True,100.0
invoice_005.jpg,Threshold,93.94,Seller IBAN,GB35YDNN61347660277835,GB35YDNN61347660277835,True,100.0
invoice_005.jpg,Threshold,93.94,Net Worth,311.70,311.70,True,100.0
invoice_005.jpg,Threshold,93.94,VAT,31.17,31.17,True,100.0
invoice_005.jpg,Threshold,93.94,Gross Worth,342.87,342.87,True,100.0
invoice_005.jpg,Adaptive,40.12,Invoice Number,26700559,,False,0.0
invoice_005.jpg,Adaptive,40.12,Invoice Date,01/11/2018,,False,0.0
invoice_005.jpg,Adaptive,40.12,Seller Tax ID,974-76-2764,,False,0.0
invoice_005.jpg,Adaptive,40.12,Client Tax ID,958-82-3330,,False,0.0
invoice_005.jpg,Adaptive,40.12,Seller IBAN,GB35YDNN61347660277835,GB35YDNN61347660277835,True,100.0
invoice_005.jpg,Adaptive,40.12,Net Worth,311.70,,False,0.0
invoice_005.jpg,Adaptive,40.12,VAT,31.17,,False,0.0
invoice_005.jpg,Adaptive,40.12,Gross Worth,342.87,,False,0.0
invoice_005.jpg,Denoise,93.72,Invoice Number,26700559,26700559,True,100.0
invoice_005.jpg,Denoise,93.72,Invoice Date,01/11/2018,01/11/2018,True,100.0
invoice_005.jpg,Denoise,93.72,Seller Tax ID,974-76-2764,974-76-2764,True,100.0
invoice_005.jpg,Denoise,93.72,Client Tax ID,958-82-3330,958-82-3330,True,100.0
invoice_005.jpg,Denoise,93.72,Seller IBAN,GB35YDNN61347660277835,GB35YDNN61347660277835,True,100.0
invoice_005.jpg,Denoise,93.72,Net Worth,311.70,311.70,True,100.0
invoice_005.jpg,Denoise,93.72,VAT,31.17,31.17,True,100.0
invoice_005.jpg,Denoise,93.72,Gross Worth,342.87,342.87,True,100.0
invoice_005.jpg,Resize,92.81,Invoice Number,26700559,26700559,True,100.0
invoice_005.jpg,Resize,92.81,Invoice Date,01/11/2018,01/11/2018,True,100.0
invoice_005.jpg,Resize,92.81,Seller Tax ID,974-76-2764,974-76-2764,True,100.0
invoice_005.jpg,Resize,92.81,Client Tax ID,958-82-3330,958-82-3330,True,100.0
invoice_005.jpg,Resize,92.81,Seller IBAN,GB35YDNN61347660277835,GB35YDNN61347660277835,True,100.0
invoice_005.jpg,Resize,92.81,Net Worth,311.70,311.70,True,100.0
invoice_005.jpg,Resize,92.81,VAT,31.17,31.17,True,100.0
invoice_005.jpg,Resize,92.81,Gross Worth,342.87,342.87,True,100.0
invoice_005.jpg,Sharpen,91.47,Invoice Number,26700559,26700559,True,100.0
invoice_005.jpg,Sharpen,91.47,Invoice Date,01/11/2018,01/11/2018,True,100.0
invoice_005.jpg,Sharpen,91.47,Seller Tax ID,974-76-2764,974-76-2764,True,100.0
invoice_005.jpg,Sharpen,91.47,Client Tax ID,958-82-3330,958-82-3330,True,100.0
invoice_005.jpg,Sharpen,91.47,Seller IBAN,GB35YDNN61347660277835,GB35YDNN61347660277835,True,100.0
invoice_005.jpg,Sharpen,91.47,Net Worth,311.70,311.70,True,100.0
invoice_005.jpg,Sharpen,91.47,VAT,31.17,31.17,True,100.0
invoice_005.jpg,Sharpen,91.47,Gross Worth,342.87,342.87,True,100.0
invoice_006.jpg,Original,93.48,Invoice Number,96947403,96947403,True,100.0
invoice_006.jpg,Original,93.48,Invoice Date,10/09/2011,10/09/2011,True,100.0
invoice_006.jpg,Original,93.48,Seller Tax ID,944-92-0144,944-92-0144,True,100.0
invoice_006.jpg,Original,93.48,Client Tax ID,985-88-9141,985-88-9141,True,100.0
invoice_006.jpg,Original,93.48,Seller IBAN,GB67TUVG95262505800602,GB67TUVG95262505800602,True,100.0
invoice_006.jpg,Original,93.48,Net Worth,481.62,481.62,True,100.0
invoice_006.jpg,Original,93.48,VAT,48.16,48.16,True,100.0
invoice_006.jpg,Original,93.48,Gross Worth,529.78,529.78,True,100.0
invoice_006.jpg,Gray,93.48,Invoice Number,96947403,96947403,True,100.0
invoice_006.jpg,Gray,93.48,Invoice Date,10/09/2011,10/09/2011,True,100.0
invoice_006.jpg,Gray,93.48,Seller Tax ID,944-92-0144,944-92-0144,True,100.0
invoice_006.jpg,Gray,93.48,Client Tax ID,985-88-9141,985-88-9141,True,100.0
invoice_006.jpg,Gray,93.48,Seller IBAN,GB67TUVG95262505800602,GB67TUVG95262505800602,True,100.0
invoice_006.jpg,Gray,93.48,Net Worth,481.62,481.62,True,100.0
invoice_006.jpg,Gray,93.48,VAT,48.16,48.16,True,100.0
invoice_006.jpg,Gray,93.48,Gross Worth,529.78,529.78,True,100.0
invoice_006.jpg,Threshold,94.19,Invoice Number,96947403,96947403,True,100.0
invoice_006.jpg,Threshold,94.19,Invoice Date,10/09/2011,10/09/2011,True,100.0
invoice_006.jpg,Threshold,94.19,Seller Tax ID,944-92-0144,944-92-0144,True,100.0
invoice_006.jpg,Threshold,94.19,Client Tax ID,985-88-9141,985-88-9141,True,100.0
invoice_006.jpg,Threshold,94.19,Seller IBAN,GB67TUVG95262505800602,GB67TUVG95262505800602,True,100.0
invoice_006.jpg,Threshold,94.19,Net Worth,481.62,481.62,True,100.0
invoice_006.jpg,Threshold,94.19,VAT,48.16,48.16,True,100.0
invoice_006.jpg,Threshold,94.19,Gross Worth,529.78,529.78,True,100.0
invoice_006.jpg,Adaptive,45.31,Invoice Number,96947403,,False,0.0
invoice_006.jpg,Adaptive,45.31,Invoice Date,10/09/2011,10/09/2011,True,100.0
invoice_006.jpg,Adaptive,45.31,Seller Tax ID,944-92-0144,,False,0.0
invoice_006.jpg,Adaptive,45.31,Client Tax ID,985-88-9141,,False,0.0
invoice_006.jpg,Adaptive,45.31,Seller IBAN,GB67TUVG95262505800602,GB67TUVG95262505800602,True,100.0
invoice_006.jpg,Adaptive,45.31,Net Worth,481.62,,False,0.0
invoice_006.jpg,Adaptive,45.31,VAT,48.16,,False,0.0
invoice_006.jpg,Adaptive,45.31,Gross Worth,529.78,,False,0.0
invoice_006.jpg,Denoise,93.37,Invoice Number,96947403,96947403,True,100.0
invoice_006.jpg,Denoise,93.37,Invoice Date,10/09/2011,10/09/2011,True,100.0
invoice_006.jpg,Denoise,93.37,Seller Tax ID,944-92-0144,944-92-0144,True,100.0
invoice_006.jpg,Denoise,93.37,Client Tax ID,985-88-9141,985-88-9141,True,100.0
invoice_006.jpg,Denoise,93.37,Seller IBAN,GB67TUVG95262505800602,GB67TUVG95262505800602,True,100.0
invoice_006.jpg,Denoise,93.37,Net Worth,481.62,481.62,True,100.0
invoice_006.jpg,Denoise,93.37,VAT,48.16,48.16,True,100.0
invoice_006.jpg,Denoise,93.37,Gross Worth,529.78,529.78,True,100.0
invoice_006.jpg,Resize,94.38,Invoice Number,96947403,96947403,True,100.0
invoice_006.jpg,Resize,94.38,Invoice Date,10/09/2011,10/09/2011,True,100.0
invoice_006.jpg,Resize,94.38,Seller Tax ID,944-92-0144,944-92-0144,True,100.0
invoice_006.jpg,Resize,94.38,Client Tax ID,985-88-9141,985-88-9141,True,100.0
invoice_006.jpg,Resize,94.38,Seller IBAN,GB67TUVG95262505800602,GB67TUVG95262505800602,True,100.0
invoice_006.jpg,Resize,94.38,Net Worth,481.62,481.62,True,100.0
invoice_006.jpg,Resize,94.38,VAT,48.16,48.16,True,100.0
invoice_006.jpg,Resize,94.38,Gross Worth,529.78,529.78,True,100.0
invoice_006.jpg,Sharpen,90.27,Invoice Number,96947403,96947403,True,100.0
invoice_006.jpg,Sharpen,90.27,Invoice Date,10/09/2011,10/09/2011,True,100.0
invoice_006.jpg,Sharpen,90.27,Seller Tax ID,944-92-0144,944-92-0144,True,100.0
invoice_006.jpg,Sharpen,90.27,Client Tax ID,985-88-9141,985-88-9141,True,100.0
invoice_006.jpg,Sharpen,90.27,Seller IBAN,GB67TUVG95262505800602,GB67TUVG95262505800602,True,100.0
invoice_006.jpg,Sharpen,90.27,Net Worth,481.62,481.62,True,100.0
invoice_006.jpg,Sharpen,90.27,VAT,48.16,48.16,True,100.0
invoice_006.jpg,Sharpen,90.27,Gross Worth,529.78,529.78,True,100.0
invoice_007.jpg,Original,92.41,Invoice Number,24342647,24342647,True,100.0
invoice_007.jpg,Original,92.41,Invoice Date,05/07/2020,05/07/2020,True,100.0
invoice_007.jpg,Original,92.41,Seller Tax ID,933-70-8828,933-70-8828,True,100.0
invoice_007.jpg,Original,92.41,Client Tax ID,910-72-5904,910-72-5904,True,100.0
invoice_007.jpg,Original,92.41,Seller IBAN,GBO5CPFN10349037207241,,False,0.0
invoice_007.jpg,Original,92.41,Net Worth,4112.98,4112.98,True,100.0
invoice_007.jpg,Original,92.41,VAT,411.30,411.30,True,100.0
invoice_007.jpg,Original,92.41,Gross Worth,4524.28,4524.28,True,100.0
invoice_007.jpg,Gray,92.41,Invoice Number,24342647,24342647,True,100.0
invoice_007.jpg,Gray,92.41,Invoice Date,05/07/2020,05/07/2020,True,100.0
invoice_007.jpg,Gray,92.41,Seller Tax ID,933-70-8828,933-70-8828,True,100.0
invoice_007.jpg,Gray,92.41,Client Tax ID,910-72-5904,910-72-5904,True,100.0
invoice_007.jpg,Gray,92.41,Seller IBAN,GBO5CPFN10349037207241,,False,0.0
invoice_007.jpg,Gray,92.41,Net Worth,4112.98,4112.98,True,100.0
invoice_007.jpg,Gray,92.41,VAT,411.30,411.30,True,100.0
invoice_007.jpg,Gray,92.41,Gross Worth,4524.28,4524.28,True,100.0
invoice_007.jpg,Threshold,91.53,Invoice Number,24342647,24342647,True,100.0
invoice_007.jpg,Threshold,91.53,Invoice Date,05/07/2020,05/07/2020,True,100.0
invoice_007.jpg,Threshold,91.53,Seller Tax ID,933-70-8828,933-70-8828,True,100.0
invoice_007.jpg,Threshold,91.53,Client Tax ID,910-72-5904,910-72-5904,True,100.0
invoice_007.jpg,Threshold,91.53,Seller IBAN,GBO5CPFN10349037207241,,False,0.0
invoice_007.jpg,Threshold,91.53,Net Worth,4112.98,4112.98,True,100.0
invoice_007.jpg,Threshold,91.53,VAT,411.30,411.30,True,100.0
invoice_007.jpg,Threshold,91.53,Gross Worth,4524.28,4524.28,True,100.0
invoice_007.jpg,Adaptive,46.77,Invoice Number,24342647,,False,0.0
invoice_007.jpg,Adaptive,46.77,Invoice Date,05/07/2020,,False,0.0
invoice_007.jpg,Adaptive,46.77,Seller Tax ID,933-70-8828,,False,0.0
invoice_007.jpg,Adaptive,46.77,Client Tax ID,910-72-5904,,False,0.0
invoice_007.jpg,Adaptive,46.77,Seller IBAN,GBO5CPFN10349037207241,,False,0.0
invoice_007.jpg,Adaptive,46.77,Net Worth,4112.98,,False,0.0
invoice_007.jpg,Adaptive,46.77,VAT,411.30,,False,0.0
invoice_007.jpg,Adaptive,46.77,Gross Worth,4524.28,,False,0.0
invoice_007.jpg,Denoise,92.23,Invoice Number,24342647,24342647,True,100.0
invoice_007.jpg,Denoise,92.23,Invoice Date,05/07/2020,05/07/2020,True,100.0
invoice_007.jpg,Denoise,92.23,Seller Tax ID,933-70-8828,933-70-8828,True,100.0
invoice_007.jpg,Denoise,92.23,Client Tax ID,910-72-5904,910-72-5904,True,100.0
invoice_007.jpg,Denoise,92.23,Seller IBAN,GBO5CPFN10349037207241,,False,0.0
invoice_007.jpg,Denoise,92.23,Net Worth,4112.98,4112.98,True,100.0
invoice_007.jpg,Denoise,92.23,VAT,411.30,411.30,True,100.0
invoice_007.jpg,Denoise,92.23,Gross Worth,4524.28,4524.28,True,100.0
invoice_007.jpg,Resize,90.39,Invoice Number,24342647,24342647,True,100.0
invoice_007.jpg,Resize,90.39,Invoice Date,05/07/2020,05/07/2020,True,100.0
invoice_007.jpg,Resize,90.39,Seller Tax ID,933-70-8828,933-70-8828,True,100.0
invoice_007.jpg,Resize,90.39,Client Tax ID,910-72-5904,910-72-5904,True,100.0
invoice_007.jpg,Resize,90.39,Seller IBAN,GBO5CPFN10349037207241,,False,0.0
invoice_007.jpg,Resize,90.39,Net Worth,4112.98,4112.98,True,100.0
invoice_007.jpg,Resize,90.39,VAT,411.30,411.30,True,100.0
invoice_007.jpg,Resize,90.39,Gross Worth,4524.28,4524.28,True,100.0
invoice_007.jpg,Sharpen,88.82,Invoice Number,24342647,24342647,True,100.0
invoice_007.jpg,Sharpen,88.82,Invoice Date,05/07/2020,05/07/2020,True,100.0
invoice_007.jpg,Sharpen,88.82,Seller Tax ID,933-70-8828,933-70-8828,True,100.0
invoice_007.jpg,Sharpen,88.82,Client Tax ID,910-72-5904,910-72-5904,True,100.0
invoice_007.jpg,Sharpen,88.82,Seller IBAN,GBO5CPFN10349037207241,,False,0.0
invoice_007.jpg,Sharpen,88.82,Net Worth,4112.98,4112.98,True,100.0
invoice_007.jpg,Sharpen,88.82,VAT,411.30,411.30,True,100.0
invoice_007.jpg,Sharpen,88.82,Gross Worth,4524.28,4524.28,True,100.0
invoice_008.jpg,Original,93.78,Invoice Number,76778037,76778037,True,100.0
invoice_008.jpg,Original,93.78,Invoice Date,03/15/2021,03/15/2021,True,100.0
invoice_008.jpg,Original,93.78,Seller Tax ID,962-88-2450,962-88-2450,True,100.0
invoice_008.jpg,Original,93.78,Client Tax ID,910-87-8964,910-87-8964,True,100.0
invoice_008.jpg,Original,93.78,Seller IBAN,GB84DBNV37102667540169,GB84DBNV37102667540169,True,100.0
invoice_008.jpg,Original,93.78,Net Worth,690.03,690.03,True,100.0
invoice_008.jpg,Original,93.78,VAT,69.00,69.00,True,100.0
invoice_008.jpg,Original,93.78,Gross Worth,759.03,759.03,True,100.0
invoice_008.jpg,Gray,93.76,Invoice Number,76778037,76778037,True,100.0
invoice_008.jpg,Gray,93.76,Invoice Date,03/15/2021,03/15/2021,True,100.0
invoice_008.jpg,Gray,93.76,Seller Tax ID,962-88-2450,962-88-2450,True,100.0
invoice_008.jpg,Gray,93.76,Client Tax ID,910-87-8964,910-87-8964,True,100.0
invoice_008.jpg,Gray,93.76,Seller IBAN,GB84DBNV37102667540169,GB84DBNV37102667540169,True,100.0
invoice_008.jpg,Gray,93.76,Net Worth,690.03,690.03,True,100.0
invoice_008.jpg,Gray,93.76,VAT,69.00,69.00,True,100.0
invoice_008.jpg,Gray,93.76,Gross Worth,759.03,759.03,True,100.0
invoice_008.jpg,Threshold,93.83,Invoice Number,76778037,76778037,True,100.0
invoice_008.jpg,Threshold,93.83,Invoice Date,03/15/2021,03/15/2021,True,100.0
invoice_008.jpg,Threshold,93.83,Seller Tax ID,962-88-2450,962-88-2450,True,100.0
invoice_008.jpg,Threshold,93.83,Client Tax ID,910-87-8964,910-87-8964,True,100.0
invoice_008.jpg,Threshold,93.83,Seller IBAN,GB84DBNV37102667540169,GB84DBNV37102667540169,True,100.0
invoice_008.jpg,Threshold,93.83,Net Worth,690.03,690.03,True,100.0
invoice_008.jpg,Threshold,93.83,VAT,69.00,69.00,True,100.0
invoice_008.jpg,Threshold,93.83,Gross Worth,759.03,759.03,True,100.0
invoice_008.jpg,Adaptive,50.51,Invoice Number,76778037,,False,0.0
invoice_008.jpg,Adaptive,50.51,Invoice Date,03/15/2021,,False,0.0
invoice_008.jpg,Adaptive,50.51,Seller Tax ID,962-88-2450,910-87-8964,False,22.22
invoice_008.jpg,Adaptive,50.51,Client Tax ID,910-87-8964,,False,0.0
invoice_008.jpg,Adaptive,50.51,Seller IBAN,GB84DBNV37102667540169,GB84DBNV37102667540169,True,100.0
invoice_008.jpg,Adaptive,50.51,Net Worth,690.03,690.03,True,100.0
invoice_008.jpg,Adaptive,50.51,VAT,69.00,69.00,True,100.0
invoice_008.jpg,Adaptive,50.51,Gross Worth,759.03,759.03,True,100.0
invoice_008.jpg,Denoise,93.65,Invoice Number,76778037,76778037,True,100.0
invoice_008.jpg,Denoise,93.65,Invoice Date,03/15/2021,03/15/2021,True,100.0
invoice_008.jpg,Denoise,93.65,Seller Tax ID,962-88-2450,962-88-2450,True,100.0
invoice_008.jpg,Denoise,93.65,Client Tax ID,910-87-8964,910-87-8964,True,100.0
invoice_008.jpg,Denoise,93.65,Seller IBAN,GB84DBNV37102667540169,GB84DBNV37102667540169,True,100.0
invoice_008.jpg,Denoise,93.65,Net Worth,690.03,690.03,True,100.0
invoice_008.jpg,Denoise,93.65,VAT,69.00,69.00,True,100.0
invoice_008.jpg,Denoise,93.65,Gross Worth,759.03,759.03,True,100.0
invoice_008.jpg,Resize,92.7,Invoice Number,76778037,76778037,True,100.0
invoice_008.jpg,Resize,92.7,Invoice Date,03/15/2021,03/15/2021,True,100.0
invoice_008.jpg,Resize,92.7,Seller Tax ID,962-88-2450,962-88-2450,True,100.0
invoice_008.jpg,Resize,92.7,Client Tax ID,910-87-8964,910-87-8964,True,100.0
invoice_008.jpg,Resize,92.7,Seller IBAN,GB84DBNV37102667540169,GB84DBNV37102667540169,True,100.0
invoice_008.jpg,Resize,92.7,Net Worth,690.03,690.03,True,100.0
invoice_008.jpg,Resize,92.7,VAT,69.00,69.00,True,100.0
invoice_008.jpg,Resize,92.7,Gross Worth,759.03,759.03,True,100.0
invoice_008.jpg,Sharpen,94.42,Invoice Number,76778037,76778037,True,100.0
invoice_008.jpg,Sharpen,94.42,Invoice Date,03/15/2021,03/15/2021,True,100.0
invoice_008.jpg,Sharpen,94.42,Seller Tax ID,962-88-2450,962-88-2450,True,100.0
invoice_008.jpg,Sharpen,94.42,Client Tax ID,910-87-8964,910-87-8964,True,100.0
invoice_008.jpg,Sharpen,94.42,Seller IBAN,GB84DBNV37102667540169,GB84DBNV37102667540169,True,100.0
invoice_008.jpg,Sharpen,94.42,Net Worth,690.03,690.03,True,100.0
invoice_008.jpg,Sharpen,94.42,VAT,69.00,69.00,True,100.0
invoice_008.jpg,Sharpen,94.42,Gross Worth,759.03,759.03,True,100.0
invoice_009.jpg,Original,94.24,Invoice Number,34967709,34967709,True,100.0
invoice_009.jpg,Original,94.24,Invoice Date,01/16/2018,01/16/2018,True,100.0
invoice_009.jpg,Original,94.24,Seller Tax ID,913-91-8891,913-91-8891,True,100.0
invoice_009.jpg,Original,94.24,Client Tax ID,995-75-2976,995-75-2976,True,100.0
invoice_009.jpg,Original,94.24,Seller IBAN,GB47XEBQ87721203651804,GB47XEBQ87721203651804,True,100.0
invoice_009.jpg,Original,94.24,Net Worth,499.98,499.98,True,100.0
invoice_009.jpg,Original,94.24,VAT,50.00,50.00,True,100.0
invoice_009.jpg,Original,94.24,Gross Worth,549.98,549.98,True,100.0
invoice_009.jpg,Gray,94.24,Invoice Number,34967709,34967709,True,100.0
invoice_009.jpg,Gray,94.24,Invoice Date,01/16/2018,01/16/2018,True,100.0
invoice_009.jpg,Gray,94.24,Seller Tax ID,913-91-8891,913-91-8891,True,100.0
invoice_009.jpg,Gray,94.24,Client Tax ID,995-75-2976,995-75-2976,True,100.0
invoice_009.jpg,Gray,94.24,Seller IBAN,GB47XEBQ87721203651804,GB47XEBQ87721203651804,True,100.0
invoice_009.jpg,Gray,94.24,Net Worth,499.98,499.98,True,100.0
invoice_009.jpg,Gray,94.24,VAT,50.00,50.00,True,100.0
invoice_009.jpg,Gray,94.24,Gross Worth,549.98,549.98,True,100.0
invoice_009.jpg,Threshold,94.01,Invoice Number,34967709,34967709,True,100.0
invoice_009.jpg,Threshold,94.01,Invoice Date,01/16/2018,01/16/2018,True,100.0
invoice_009.jpg,Threshold,94.01,Seller Tax ID,913-91-8891,913-91-8891,True,100.0
invoice_009.jpg,Threshold,94.01,Client Tax ID,995-75-2976,995-75-2976,True,100.0
invoice_009.jpg,Threshold,94.01,Seller IBAN,GB47XEBQ87721203651804,GB47XEBQ87721203651804,True,100.0
invoice_009.jpg,Threshold,94.01,Net Worth,499.98,499.98,True,100.0
invoice_009.jpg,Threshold,94.01,VAT,50.00,50.00,True,100.0
invoice_009.jpg,Threshold,94.01,Gross Worth,549.98,549.98,True,100.0
invoice_009.jpg,Adaptive,54.33,Invoice Number,34967709,,False,0.0
invoice_009.jpg,Adaptive,54.33,Invoice Date,01/16/2018,,False,0.0
invoice_009.jpg,Adaptive,54.33,Seller Tax ID,913-91-8891,913-91-8891,True,100.0
invoice_009.jpg,Adaptive,54.33,Client Tax ID,995-75-2976,,False,0.0
invoice_009.jpg,Adaptive,54.33,Seller IBAN,GB47XEBQ87721203651804,GB47XEBQ87721203651804,True,100.0
invoice_009.jpg,Adaptive,54.33,Net Worth,499.98,499.98,True,100.0
invoice_009.jpg,Adaptive,54.33,VAT,50.00,50.00,True,100.0
invoice_009.jpg,Adaptive,54.33,Gross Worth,549.98,549.98,True,100.0
invoice_009.jpg,Denoise,94.14,Invoice Number,34967709,34967709,True,100.0
invoice_009.jpg,Denoise,94.14,Invoice Date,01/16/2018,01/16/2018,True,100.0
invoice_009.jpg,Denoise,94.14,Seller Tax ID,913-91-8891,913-91-8891,True,100.0
invoice_009.jpg,Denoise,94.14,Client Tax ID,995-75-2976,995-75-2976,True,100.0
invoice_009.jpg,Denoise,94.14,Seller IBAN,GB47XEBQ87721203651804,GB47XEBQ87721203651804,True,100.0
invoice_009.jpg,Denoise,94.14,Net Worth,499.98,499.98,True,100.0
invoice_009.jpg,Denoise,94.14,VAT,50.00,50.00,True,100.0
invoice_009.jpg,Denoise,94.14,Gross Worth,549.98,549.98,True,100.0
invoice_009.jpg,Resize,94.09,Invoice Number,34967709,34967709,True,100.0
invoice_009.jpg,Resize,94.09,Invoice Date,01/16/2018,01/16/2018,True,100.0
invoice_009.jpg,Resize,94.09,Seller Tax ID,913-91-8891,913-91-8891,True,100.0
invoice_009.jpg,Resize,94.09,Client Tax ID,995-75-2976,995-75-2976,True,100.0
invoice_009.jpg,Resize,94.09,Seller IBAN,GB47XEBQ87721203651804,GB47XEBQ87721203651804,True,100.0
invoice_009.jpg,Resize,94.09,Net Worth,499.98,499.98,True,100.0
invoice_009.jpg,Resize,94.09,VAT,50.00,50.00,True,100.0
invoice_009.jpg,Resize,94.09,Gross Worth,549.98,549.98,True,100.0
invoice_009.jpg,Sharpen,92.99,Invoice Number,34967709,34967709,True,100.0
invoice_009.jpg,Sharpen,92.99,Invoice Date,01/16/2018,01/16/2018,True,100.0
invoice_009.jpg,Sharpen,92.99,Seller Tax ID,913-91-8891,995-75-2976,False,11.11
invoice_009.jpg,Sharpen,92.99,Client Tax ID,995-75-2976,,False,0.0
invoice_009.jpg,Sharpen,92.99,Seller IBAN,GB47XEBQ87721203651804,GB47XEBQ87721203651804,True,100.0
invoice_009.jpg,Sharpen,92.99,Net Worth,499.98,499.98,True,100.0
invoice_009.jpg,Sharpen,92.99,VAT,50.00,50.00,True,100.0
invoice_009.jpg,Sharpen,92.99,Gross Worth,549.98,549.98,True,100.0
invoice_010.jpg,Original,89.17,Invoice Number,12323459,12323459,True,100.0
invoice_010.jpg,Original,89.17,Invoice Date,08/04/2013,08/04/2013,True,100.0
invoice_010.jpg,Original,89.17,Seller Tax ID,902-87-8627,902-87-8627,True,100.0
invoice_010.jpg,Original,89.17,Client Tax ID,960-94-6747,,False,0.0
invoice_010.jpg,Original,89.17,Seller IBAN,GB33EMHE63462278604328,GB33EMHE63462278604328,True,100.0
invoice_010.jpg,Original,89.17,Net Worth,74.25,,False,0.0
invoice_010.jpg,Original,89.17,VAT,7.43,,False,0.0
invoice_010.jpg,Original,89.17,Gross Worth,81.68,,False,0.0
invoice_010.jpg,Gray,89.17,Invoice Number,12323459,12323459,True,100.0
invoice_010.jpg,Gray,89.17,Invoice Date,08/04/2013,08/04/2013,True,100.0
invoice_010.jpg,Gray,89.17,Seller Tax ID,902-87-8627,902-87-8627,True,100.0
invoice_010.jpg,Gray,89.17,Client Tax ID,960-94-6747,,False,0.0
invoice_010.jpg,Gray,89.17,Seller IBAN,GB33EMHE63462278604328,GB33EMHE63462278604328,True,100.0
invoice_010.jpg,Gray,89.17,Net Worth,74.25,,False,0.0
invoice_010.jpg,Gray,89.17,VAT,7.43,,False,0.0
invoice_010.jpg,Gray,89.17,Gross Worth,81.68,,False,0.0
invoice_010.jpg,Threshold,90.7,Invoice Number,12323459,12323459,True,100.0
invoice_010.jpg,Threshold,90.7,Invoice Date,08/04/2013,08/04/2013,True,100.0
invoice_010.jpg,Threshold,90.7,Seller Tax ID,902-87-8627,902-87-8627,True,100.0
invoice_010.jpg,Threshold,90.7,Client Tax ID,960-94-6747,960-94-6747,True,100.0
invoice_010.jpg,Threshold,90.7,Seller IBAN,GB33EMHE63462278604328,GB33EMHE63462278604328,True,100.0
invoice_010.jpg,Threshold,90.7,Net Worth,74.25,74.25,True,100.0
invoice_010.jpg,Threshold,90.7,VAT,7.43,7.43,True,100.0
invoice_010.jpg,Threshold,90.7,Gross Worth,81.68,81.68,True,100.0
invoice_010.jpg,Adaptive,58.98,Invoice Number,12323459,,False,0.0
invoice_010.jpg,Adaptive,58.98,Invoice Date,08/04/2013,,False,0.0
invoice_010.jpg,Adaptive,58.98,Seller Tax ID,902-87-8627,960-94-6747,False,22.22
invoice_010.jpg,Adaptive,58.98,Client Tax ID,960-94-6747,,False,0.0
invoice_010.jpg,Adaptive,58.98,Seller IBAN,GB33EMHE63462278604328,GB33EMHE63462278604328,True,100.0
invoice_010.jpg,Adaptive,58.98,Net Worth,74.25,,False,0.0
invoice_010.jpg,Adaptive,58.98,VAT,7.43,,False,0.0
invoice_010.jpg,Adaptive,58.98,Gross Worth,81.68,,False,0.0
invoice_010.jpg,Denoise,89.88,Invoice Number,12323459,12323459,True,100.0
invoice_010.jpg,Denoise,89.88,Invoice Date,08/04/2013,08/04/2013,True,100.0
invoice_010.jpg,Denoise,89.88,Seller Tax ID,902-87-8627,902-87-8627,True,100.0
invoice_010.jpg,Denoise,89.88,Client Tax ID,960-94-6747,,False,0.0
invoice_010.jpg,Denoise,89.88,Seller IBAN,GB33EMHE63462278604328,GB33EMHE63462278604328,True,100.0
invoice_010.jpg,Denoise,89.88,Net Worth,74.25,,False,0.0
invoice_010.jpg,Denoise,89.88,VAT,7.43,,False,0.0
invoice_010.jpg,Denoise,89.88,Gross Worth,81.68,,False,0.0
invoice_010.jpg,Resize,88.91,Invoice Number,12323459,12323459,True,100.0
invoice_010.jpg,Resize,88.91,Invoice Date,08/04/2013,08/04/2013,True,100.0
invoice_010.jpg,Resize,88.91,Seller Tax ID,902-87-8627,902-87-8627,True,100.0
invoice_010.jpg,Resize,88.91,Client Tax ID,960-94-6747,,False,0.0
invoice_010.jpg,Resize,88.91,Seller IBAN,GB33EMHE63462278604328,GB33EMHE63462278604328,True,100.0
invoice_010.jpg,Resize,88.91,Net Worth,74.25,,False,0.0
invoice_010.jpg,Resize,88.91,VAT,7.43,,False,0.0
invoice_010.jpg,Resize,88.91,Gross Worth,81.68,,False,0.0
invoice_010.jpg,Sharpen,64.97,Invoice Number,12323459,12323459,True,100.0
invoice_010.jpg,Sharpen,64.97,Invoice Date,08/04/2013,08/04/2013,True,100.0
invoice_010.jpg,Sharpen,64.97,Seller Tax ID,902-87-8627,902-87-8627,True,100.0
invoice_010.jpg,Sharpen,64.97,Client Tax ID,960-94-6747,960-94-6747,True,100.0
invoice_010.jpg,Sharpen,64.97,Seller IBAN,GB33EMHE63462278604328,GB33EMHE63462278604328,True,100.0
invoice_010.jpg,Sharpen,64.97,Net Worth,74.25,81.68,False,20.0
invoice_010.jpg,Sharpen,64.97,VAT,7.43,7.43,True,100.0
invoice_010.jpg,Sharpen,64.97,Gross Worth,81.68,81.68,True,100.0
invoice_011.jpg,Original,93.39,Invoice Number,37107781,37107781,True,100.0
invoice_011.jpg,Original,93.39,Invoice Date,07/29/2012,07/29/2012,True,100.0
invoice_011.jpg,Original,93.39,Seller Tax ID,946-73-8252,946-73-8252,True,100.0
invoice_011.jpg,Original,93.39,Client Tax ID,994-84-0379,994-84-0379,True,100.0
invoice_011.jpg,Original,93.39,Seller IBAN,GB30TGFD70872253743837,GB30TGFD70872253743837,True,100.0
invoice_011.jpg,Original,93.39,Net Worth,2549.93,2549.93,True,100.0
invoice_011.jpg,Original,93.39,VAT,254.99,254.99,True,100.0
invoice_011.jpg,Original,93.39,Gross Worth,2804.92,2804.92,True,100.0
invoice_011.jpg,Gray,93.39,Invoice Number,37107781,37107781,True,100.0
invoice_011.jpg,Gray,93.39,Invoice Date,07/29/2012,07/29/2012,True,100.0
invoice_011.jpg,Gray,93.39,Seller Tax ID,946-73-8252,946-73-8252,True,100.0
invoice_011.jpg,Gray,93.39,Client Tax ID,994-84-0379,994-84-0379,True,100.0
invoice_011.jpg,Gray,93.39,Seller IBAN,GB30TGFD70872253743837,GB30TGFD70872253743837,True,100.0
invoice_011.jpg,Gray,93.39,Net Worth,2549.93,2549.93,True,100.0
invoice_011.jpg,Gray,93.39,VAT,254.99,254.99,True,100.0
invoice_011.jpg,Gray,93.39,Gross Worth,2804.92,2804.92,True,100.0
invoice_011.jpg,Threshold,91.32,Invoice Number,37107781,37107781,True,100.0
invoice_011.jpg,Threshold,91.32,Invoice Date,07/29/2012,07/29/2012,True,100.0
invoice_011.jpg,Threshold,91.32,Seller Tax ID,946-73-8252,946-73-8252,True,100.0
invoice_011.jpg,Threshold,91.32,Client Tax ID,994-84-0379,994-84-0379,True,100.0
invoice_011.jpg,Threshold,91.32,Seller IBAN,GB30TGFD70872253743837,GB30TGFD70872253743837,True,100.0
invoice_011.jpg,Threshold,91.32,Net Worth,2549.93,2549.93,True,100.0
invoice_011.jpg,Threshold,91.32,VAT,254.99,254.99,True,100.0
invoice_011.jpg,Threshold,91.32,Gross Worth,2804.92,2804.92,True,100.0
invoice_011.jpg,Adaptive,51.45,Invoice Number,37107781,,False,0.0
invoice_011.jpg,Adaptive,51.45,Invoice Date,07/29/2012,07/29/2012,True,100.0
invoice_011.jpg,Adaptive,51.45,Seller Tax ID,946-73-8252,946-73-8252,True,100.0
invoice_011.jpg,Adaptive,51.45,Client Tax ID,994-84-0379,994-84-0379,True,100.0
invoice_011.jpg,Adaptive,51.45,Seller IBAN,GB30TGFD70872253743837,,False,0.0
invoice_011.jpg,Adaptive,51.45,Net Worth,2549.93,,False,0.0
invoice_011.jpg,Adaptive,51.45,VAT,254.99,,False,0.0
invoice_011.jpg,Adaptive,51.45,Gross Worth,2804.92,,False,0.0
invoice_011.jpg,Denoise,93.41,Invoice Number,37107781,37107781,True,100.0
invoice_011.jpg,Denoise,93.41,Invoice Date,07/29/2012,07/29/2012,True,100.0
invoice_011.jpg,Denoise,93.41,Seller Tax ID,946-73-8252,946-73-8252,True,100.0
invoice_011.jpg,Denoise,93.41,Client Tax ID,994-84-0379,994-84-0379,True,100.0
invoice_011.jpg,Denoise,93.41,Seller IBAN,GB30TGFD70872253743837,GB30TGFD70872253743837,True,100.0
invoice_011.jpg,Denoise,93.41,Net Worth,2549.93,2549.93,True,100.0
invoice_011.jpg,Denoise,93.41,VAT,254.99,254.99,True,100.0
invoice_011.jpg,Denoise,93.41,Gross Worth,2804.92,2804.92,True,100.0
invoice_011.jpg,Resize,93.66,Invoice Number,37107781,37107781,True,100.0
invoice_011.jpg,Resize,93.66,Invoice Date,07/29/2012,07/29/2012,True,100.0
invoice_011.jpg,Resize,93.66,Seller Tax ID,946-73-8252,946-73-8252,True,100.0
invoice_011.jpg,Resize,93.66,Client Tax ID,994-84-0379,994-84-0379,True,100.0
invoice_011.jpg,Resize,93.66,Seller IBAN,GB30TGFD70872253743837,GB30TGFD70872253743837,True,100.0
invoice_011.jpg,Resize,93.66,Net Worth,2549.93,2549.93,True,100.0
invoice_011.jpg,Resize,93.66,VAT,254.99,254.99,True,100.0
invoice_011.jpg,Resize,93.66,Gross Worth,2804.92,2804.92,True,100.0
invoice_011.jpg,Sharpen,90.56,Invoice Number,37107781,37107781,True,100.0
invoice_011.jpg,Sharpen,90.56,Invoice Date,07/29/2012,07/29/2012,True,100.0
invoice_011.jpg,Sharpen,90.56,Seller Tax ID,946-73-8252,946-73-8252,True,100.0
invoice_011.jpg,Sharpen,90.56,Client Tax ID,994-84-0379,994-84-0379,True,100.0
invoice_011.jpg,Sharpen,90.56,Seller IBAN,GB30TGFD70872253743837,GB30TGFD70872253743837,True,100.0
invoice_011.jpg,Sharpen,90.56,Net Worth,2549.93,2549.93,True,100.0
invoice_011.jpg,Sharpen,90.56,VAT,254.99,254.99,True,100.0
invoice_011.jpg,Sharpen,90.56,Gross Worth,2804.92,2804.92,True,100.0
invoice_012.jpg,Original,89.34,Invoice Number,86736203,86736203,True,100.0
invoice_012.jpg,Original,89.34,Invoice Date,05/20/2013,05/20/2013,True,100.0
invoice_012.jpg,Original,89.34,Seller Tax ID,968-98-6433,968-98-6433,True,100.0
invoice_012.jpg,Original,89.34,Client Tax ID,987-91-1452,987-91-1452,True,100.0
invoice_012.jpg,Original,89.34,Seller IBAN,GBO4NPPR85049860720734,,False,0.0
invoice_012.jpg,Original,89.34,Net Worth,14158.28,14158.28,True,100.0
invoice_012.jpg,Original,89.34,VAT,1415.83,1415.83,True,100.0
invoice_012.jpg,Original,89.34,Gross Worth,15574.11,15574.11,True,100.0
invoice_012.jpg,Gray,89.34,Invoice Number,86736203,86736203,True,100.0
invoice_012.jpg,Gray,89.34,Invoice Date,05/20/2013,05/20/2013,True,100.0
invoice_012.jpg,Gray,89.34,Seller Tax ID,968-98-6433,968-98-6433,True,100.0
invoice_012.jpg,Gray,89.34,Client Tax ID,987-91-1452,987-91-1452,True,100.0
invoice_012.jpg,Gray,89.34,Seller IBAN,GBO4NPPR85049860720734,,False,0.0
invoice_012.jpg,Gray,89.34,Net Worth,14158.28,14158.28,True,100.0
invoice_012.jpg,Gray,89.34,VAT,1415.83,1415.83,True,100.0
invoice_012.jpg,Gray,89.34,Gross Worth,15574.11,15574.11,True,100.0
invoice_012.jpg,Threshold,93.48,Invoice Number,86736203,86736203,True,100.0
invoice_012.jpg,Threshold,93.48,Invoice Date,05/20/2013,05/20/2013,True,100.0
invoice_012.jpg,Threshold,93.48,Seller Tax ID,968-98-6433,968-98-6433,True,100.0
invoice_012.jpg,Threshold,93.48,Client Tax ID,987-91-1452,987-91-1452,True,100.0
invoice_012.jpg,Threshold,93.48,Seller IBAN,GBO4NPPR85049860720734,,False,0.0
invoice_012.jpg,Threshold,93.48,Net Worth,14158.28,14158.28,True,100.0
invoice_012.jpg,Threshold,93.48,VAT,1415.83,1415.83,True,100.0
invoice_012.jpg,Threshold,93.48,Gross Worth,15574.11,15574.11,True,100.0
invoice_012.jpg,Adaptive,59.16,Invoice Number,86736203,86736203,True,100.0
invoice_012.jpg,Adaptive,59.16,Invoice Date,05/20/2013,05/20/2013,True,100.0
invoice_012.jpg,Adaptive,59.16,Seller Tax ID,968-98-6433,968-98-6433,True,100.0
invoice_012.jpg,Adaptive,59.16,Client Tax ID,987-91-1452,987-91-1452,True,100.0
invoice_012.jpg,Adaptive,59.16,Seller IBAN,GBO4NPPR85049860720734,,False,0.0
invoice_012.jpg,Adaptive,59.16,Net Worth,14158.28,14188.28,False,87.5
invoice_012.jpg,Adaptive,59.16,VAT,1415.83,415.83,False,85.71
invoice_012.jpg,Adaptive,59.16,Gross Worth,15574.11,5574.21,False,75.0
invoice_012.jpg,Denoise,89.12,Invoice Number,86736203,86736203,True,100.0
invoice_012.jpg,Denoise,89.12,Invoice Date,05/20/2013,05/20/2013,True,100.0
invoice_012.jpg,Denoise,89.12,Seller Tax ID,968-98-6433,968-98-6433,True,100.0
invoice_012.jpg,Denoise,89.12,Client Tax ID,987-91-1452,987-91-1452,True,100.0
invoice_012.jpg,Denoise,89.12,Seller IBAN,GBO4NPPR85049860720734,,False,0.0
invoice_012.jpg,Denoise,89.12,Net Worth,14158.28,14158.28,True,100.0
invoice_012.jpg,Denoise,89.12,VAT,1415.83,1415.83,True,100.0
invoice_012.jpg,Denoise,89.12,Gross Worth,15574.11,15574.11,True,100.0
invoice_012.jpg,Resize,93.03,Invoice Number,86736203,86736203,True,100.0
invoice_012.jpg,Resize,93.03,Invoice Date,05/20/2013,05/20/2013,True,100.0
invoice_012.jpg,Resize,93.03,Seller Tax ID,968-98-6433,968-98-6433,True,100.0
invoice_012.jpg,Resize,93.03,Client Tax ID,987-91-1452,987-91-1452,True,100.0
invoice_012.jpg,Resize,93.03,Seller IBAN,GBO4NPPR85049860720734,,False,0.0
invoice_012.jpg,Resize,93.03,Net Worth,14158.28,14158.28,True,100.0
invoice_012.jpg,Resize,93.03,VAT,1415.83,1415.83,True,100.0
invoice_012.jpg,Resize,93.03,Gross Worth,15574.11,15574.11,True,100.0
invoice_012.jpg,Sharpen,92.21,Invoice Number,86736203,86736203,True,100.0
invoice_012.jpg,Sharpen,92.21,Invoice Date,05/20/2013,05/20/2013,True,100.0
invoice_012.jpg,Sharpen,92.21,Seller Tax ID,968-98-6433,968-98-6433,True,100.0
invoice_012.jpg,Sharpen,92.21,Client Tax ID,987-91-1452,987-91-1452,True,100.0
invoice_012.jpg,Sharpen,92.21,Seller IBAN,GBO4NPPR85049860720734,,False,0.0
invoice_012.jpg,Sharpen,92.21,Net Worth,14158.28,14158.28,True,100.0
invoice_012.jpg,Sharpen,92.21,VAT,1415.83,1415.83,True,100.0
invoice_012.jpg,Sharpen,92.21,Gross Worth,15574.11,15574.11,True,100.0
invoice_013.jpg,Original,92.64,Invoice Number,69875170,69875170,True,100.0
invoice_013.jpg,Original,92.64,Invoice Date,07/18/2014,07/18/2014,True,100.0
invoice_013.jpg,Original,92.64,Seller Tax ID,984-82-1277,984-82-1277,True,100.0
invoice_013.jpg,Original,92.64,Client Tax ID,988-79-9604,988-79-9604,True,100.0
invoice_013.jpg,Original,92.64,Seller IBAN,GB63MNKB15123766783579,GB63MNKB15123766783579,True,100.0
invoice_013.jpg,Original,92.64,Net Worth,176837.91,176837.91,True,100.0
invoice_013.jpg,Original,92.64,VAT,17683.79,17683.79,True,100.0
invoice_013.jpg,Original,92.64,Gross Worth,194521.70,194521.70,True,100.0
invoice_013.jpg,Gray,92.65,Invoice Number,69875170,69875170,True,100.0
invoice_013.jpg,Gray,92.65,Invoice Date,07/18/2014,07/18/2014,True,100.0
invoice_013.jpg,Gray,92.65,Seller Tax ID,984-82-1277,984-82-1277,True,100.0
invoice_013.jpg,Gray,92.65,Client Tax ID,988-79-9604,988-79-9604,True,100.0
invoice_013.jpg,Gray,92.65,Seller IBAN,GB63MNKB15123766783579,GB63MNKB15123766783579,True,100.0
invoice_013.jpg,Gray,92.65,Net Worth,176837.91,176837.91,True,100.0
invoice_013.jpg,Gray,92.65,VAT,17683.79,17683.79,True,100.0
invoice_013.jpg,Gray,92.65,Gross Worth,194521.70,194521.70,True,100.0
invoice_013.jpg,Threshold,91.56,Invoice Number,69875170,69875170,True,100.0
invoice_013.jpg,Threshold,91.56,Invoice Date,07/18/2014,07/18/2014,True,100.0
invoice_013.jpg,Threshold,91.56,Seller Tax ID,984-82-1277,984-82-1277,True,100.0
invoice_013.jpg,Threshold,91.56,Client Tax ID,988-79-9604,988-79-9604,True,100.0
invoice_013.jpg,Threshold,91.56,Seller IBAN,GB63MNKB15123766783579,GB63MNKB15123766783579,True,100.0
invoice_013.jpg,Threshold,91.56,Net Worth,176837.91,176837.91,True,100.0
invoice_013.jpg,Threshold,91.56,VAT,17683.79,17683.79,True,100.0
invoice_013.jpg,Threshold,91.56,Gross Worth,194521.70,194521.70,True,100.0
invoice_013.jpg,Adaptive,19.81,Invoice Number,69875170,,False,0.0
invoice_013.jpg,Adaptive,19.81,Invoice Date,07/18/2014,,False,0.0
invoice_013.jpg,Adaptive,19.81,Seller Tax ID,984-82-1277,,False,0.0
invoice_013.jpg,Adaptive,19.81,Client Tax ID,988-79-9604,,False,0.0
invoice_013.jpg,Adaptive,19.81,Seller IBAN,GB63MNKB15123766783579,,False,0.0
invoice_013.jpg,Adaptive,19.81,Net Worth,176837.91,,False,0.0
invoice_013.jpg,Adaptive,19.81,VAT,17683.79,,False,0.0
invoice_013.jpg,Adaptive,19.81,Gross Worth,194521.70,,False,0.0
invoice_013.jpg,Denoise,93.05,Invoice Number,69875170,69875170,True,100.0
invoice_013.jpg,Denoise,93.05,Invoice Date,07/18/2014,07/18/2014,True,100.0
invoice_013.jpg,Denoise,93.05,Seller Tax ID,984-82-1277,984-82-1277,True,100.0
invoice_013.jpg,Denoise,93.05,Client Tax ID,988-79-9604,988-79-9604,True,100.0
invoice_013.jpg,Denoise,93.05,Seller IBAN,GB63MNKB15123766783579,GB63MNKB15123766783579,True,100.0
invoice_013.jpg,Denoise,93.05,Net Worth,176837.91,176837.91,True,100.0
invoice_013.jpg,Denoise,93.05,VAT,17683.79,17683.79,True,100.0
invoice_013.jpg,Denoise,93.05,Gross Worth,194521.70,194521.70,True,100.0
invoice_013.jpg,Resize,93.85,Invoice Number,69875170,69875170,True,100.0
invoice_013.jpg,Resize,93.85,Invoice Date,07/18/2014,07/18/2014,True,100.0
invoice_013.jpg,Resize,93.85,Seller Tax ID,984-82-1277,984-82-1277,True,100.0
invoice_013.jpg,Resize,93.85,Client Tax ID,988-79-9604,988-79-9604,True,100.0
invoice_013.jpg,Resize,93.85,Seller IBAN,GB63MNKB15123766783579,GB63MNKB15123766783579,True,100.0
invoice_013.jpg,Resize,93.85,Net Worth,176837.91,176837.91,True,100.0
invoice_013.jpg,Resize,93.85,VAT,17683.79,17683.79,True,100.0
invoice_013.jpg,Resize,93.85,Gross Worth,194521.70,194521.70,True,100.0
invoice_013.jpg,Sharpen,68.07,Invoice Number,69875170,69875170,True,100.0
invoice_013.jpg,Sharpen,68.07,Invoice Date,07/18/2014,07/18/2014,True,100.0
invoice_013.jpg,Sharpen,68.07,Seller Tax ID,984-82-1277,984-82-1277,True,100.0
invoice_013.jpg,Sharpen,68.07,Client Tax ID,988-79-9604,988-79-9604,True,100.0
invoice_013.jpg,Sharpen,68.07,Seller IBAN,GB63MNKB15123766783579,GB63MNKB15123766783579,True,100.0
invoice_013.jpg,Sharpen,68.07,Net Worth,176837.91,176837.91,True,100.0
invoice_013.jpg,Sharpen,68.07,VAT,17683.79,17683.79,True,100.0
invoice_013.jpg,Sharpen,68.07,Gross Worth,194521.70,194521.70,True,100.0
invoice_014.jpg,Original,74.95,Invoice Number,35593328,35593328,True,100.0
invoice_014.jpg,Original,74.95,Invoice Date,06/08/2011,06/08/2011,True,100.0
invoice_014.jpg,Original,74.95,Seller Tax ID,938-91-6436,938-91-6436,True,100.0
invoice_014.jpg,Original,74.95,Client Tax ID,942-92-5992,942-92-5992,True,100.0
invoice_014.jpg,Original,74.95,Seller IBAN,GB42RIFK65000994976015,,False,0.0
invoice_014.jpg,Original,74.95,Net Worth,2731.78,,False,0.0
invoice_014.jpg,Original,74.95,VAT,273.18,,False,0.0
invoice_014.jpg,Original,74.95,Gross Worth,3004.96,,False,0.0
invoice_014.jpg,Gray,71.41,Invoice Number,35593328,35593328,True,100.0
invoice_014.jpg,Gray,71.41,Invoice Date,06/08/2011,06/08/2011,True,100.0
invoice_014.jpg,Gray,71.41,Seller Tax ID,938-91-6436,938-91-6436,True,100.0
invoice_014.jpg,Gray,71.41,Client Tax ID,942-92-5992,942-92-5992,True,100.0
invoice_014.jpg,Gray,71.41,Seller IBAN,GB42RIFK65000994976015,GB42RIFK65000994976015,True,100.0
invoice_014.jpg,Gray,71.41,Net Worth,2731.78,55.28,False,28.57
invoice_014.jpg,Gray,71.41,VAT,273.18,273178273.18,False,50.0
invoice_014.jpg,Gray,71.41,Gross Worth,3004.96,273.18,False,14.29
invoice_014.jpg,Threshold,49.64,Invoice Number,35593328,35593328,True,100.0
invoice_014.jpg,Threshold,49.64,Invoice Date,06/08/2011,,False,0.0
invoice_014.jpg,Threshold,49.64,Seller Tax ID,938-91-6436,942-92-5992,False,22.22
invoice_014.jpg,Threshold,49.64,Client Tax ID,942-92-5992,,False,0.0
invoice_014.jpg,Threshold,49.64,Seller IBAN,GB42RIFK65000994976015,,False,0.0
invoice_014.jpg,Threshold,49.64,Net Worth,2731.78,2731.78,True,100.0
invoice_014.jpg,Threshold,49.64,VAT,273.18,273.18,True,100.0
invoice_014.jpg,Threshold,49.64,Gross Worth,3004.96,3004.96,True,100.0
invoice_014.jpg,Adaptive,16.05,Invoice Number,35593328,,False,0.0
invoice_014.jpg,Adaptive,16.05,Invoice Date,06/08/2011,,False,0.0
invoice_014.jpg,Adaptive,16.05,Seller Tax ID,938-91-6436,,False,0.0
invoice_014.jpg,Adaptive,16.05,Client Tax ID,942-92-5992,,False,0.0
invoice_014.jpg,Adaptive,16.05,Seller IBAN,GB42RIFK65000994976015,,False,0.0
invoice_014.jpg,Adaptive,16.05,Net Worth,2731.78,,False,0.0
invoice_014.jpg,Adaptive,16.05,VAT,273.18,,False,0.0
invoice_014.jpg,Adaptive,16.05,Gross Worth,3004.96,,False,0.0
invoice_014.jpg,Denoise,71.79,Invoice Number,35593328,35593328,True,100.0
invoice_014.jpg,Denoise,71.79,Invoice Date,06/08/2011,06/08/2011,True,100.0
invoice_014.jpg,Denoise,71.79,Seller Tax ID,938-91-6436,938-91-6436,True,100.0
invoice_014.jpg,Denoise,71.79,Client Tax ID,942-92-5992,942-92-5992,True,100.0
invoice_014.jpg,Denoise,71.79,Seller IBAN,GB42RIFK65000994976015,GB42RIFK65000994976015,True,100.0
invoice_014.jpg,Denoise,71.79,Net Worth,2731.78,2731.78,True,100.0
invoice_014.jpg,Denoise,71.79,VAT,273.18,273.18,True,100.0
invoice_014.jpg,Denoise,71.79,Gross Worth,3004.96,3004.96,True,100.0
invoice_014.jpg,Resize,74.66,Invoice Number,35593328,35593328,True,100.0
invoice_014.jpg,Resize,74.66,Invoice Date,06/08/2011,06/08/2011,True,100.0
invoice_014.jpg,Resize,74.66,Seller Tax ID,938-91-6436,938-91-6436,True,100.0
invoice_014.jpg,Resize,74.66,Client Tax ID,942-92-5992,942-92-5992,True,100.0
invoice_014.jpg,Resize,74.66,Seller IBAN,GB42RIFK65000994976015,,False,0.0
invoice_014.jpg,Resize,74.66,Net Worth,2731.78,,False,0.0
invoice_014.jpg,Resize,74.66,VAT,273.18,,False,0.0
invoice_014.jpg,Resize,74.66,Gross Worth,3004.96,,False,0.0
invoice_014.jpg,Sharpen,20.9,Invoice Number,35593328,,False,0.0
invoice_014.jpg,Sharpen,20.9,Invoice Date,06/08/2011,,False,0.0
invoice_014.jpg,Sharpen,20.9,Seller Tax ID,938-91-6436,,False,0.0
invoice_014.jpg,Sharpen,20.9,Client Tax ID,942-92-5992,,False,0.0
invoice_014.jpg,Sharpen,20.9,Seller IBAN,GB42RIFK65000994976015,,False,0.0
invoice_014.jpg,Sharpen,20.9,Net Worth,2731.78,,False,0.0
invoice_014.jpg,Sharpen,20.9,VAT,273.18,,False,0.0
invoice_014.jpg,Sharpen,20.9,Gross Worth,3004.96,,False,0.0
invoice_015.jpg,Original,94.02,Invoice Number,74980573,74980573,True,100.0
invoice_015.jpg,Original,94.02,Invoice Date,09/27/2015,09/27/2015,True,100.0
invoice_015.jpg,Original,94.02,Seller Tax ID,944-98-4907,944-98-4907,True,100.0
invoice_015.jpg,Original,94.02,Client Tax ID,901-84-6442,901-84-6442,True,100.0
invoice_015.jpg,Original,94.02,Seller IBAN,GBO2HMXX72577746298746,,False,0.0
invoice_015.jpg,Original,94.02,Net Worth,173.87,173.87,True,100.0
invoice_015.jpg,Original,94.02,VAT,17.39,17.39,True,100.0
invoice_015.jpg,Original,94.02,Gross Worth,191.26,191.26,True,100.0
invoice_015.jpg,Gray,94.03,Invoice Number,74980573,74980573,True,100.0
invoice_015.jpg,Gray,94.03,Invoice Date,09/27/2015,09/27/2015,True,100.0
invoice_015.jpg,Gray,94.03,Seller Tax ID,944-98-4907,944-98-4907,True,100.0
invoice_015.jpg,Gray,94.03,Client Tax ID,901-84-6442,901-84-6442,True,100.0
invoice_015.jpg,Gray,94.03,Seller IBAN,GBO2HMXX72577746298746,,False,0.0
invoice_015.jpg,Gray,94.03,Net Worth,173.87,173.87,True,100.0
invoice_015.jpg,Gray,94.03,VAT,17.39,17.39,True,100.0
invoice_015.jpg,Gray,94.03,Gross Worth,191.26,191.26,True,100.0
invoice_015.jpg,Threshold,94.43,Invoice Number,74980573,74980573,True,100.0
invoice_015.jpg,Threshold,94.43,Invoice Date,09/27/2015,09/27/2015,True,100.0
invoice_015.jpg,Threshold,94.43,Seller Tax ID,944-98-4907,944-98-4907,True,100.0
invoice_015.jpg,Threshold,94.43,Client Tax ID,901-84-6442,901-84-6442,True,100.0
invoice_015.jpg,Threshold,94.43,Seller IBAN,GBO2HMXX72577746298746,,False,0.0
invoice_015.jpg,Threshold,94.43,Net Worth,173.87,173.87,True,100.0
invoice_015.jpg,Threshold,94.43,VAT,17.39,17.39,True,100.0
invoice_015.jpg,Threshold,94.43,Gross Worth,191.26,191.26,True,100.0
invoice_015.jpg,Adaptive,45.07,Invoice Number,74980573,,False,0.0
invoice_015.jpg,Adaptive,45.07,Invoice Date,09/27/2015,,False,0.0
invoice_015.jpg,Adaptive,45.07,Seller Tax ID,944-98-4907,,False,0.0
invoice_015.jpg,Adaptive,45.07,Client Tax ID,901-84-6442,,False,0.0
invoice_015.jpg,Adaptive,45.07,Seller IBAN,GBO2HMXX72577746298746,,False,0.0
invoice_015.jpg,Adaptive,45.07,Net Worth,173.87,173.87,True,100.0
invoice_015.jpg,Adaptive,45.07,VAT,17.39,17.39,True,100.0
invoice_015.jpg,Adaptive,45.07,Gross Worth,191.26,191.26,True,100.0
invoice_015.jpg,Denoise,93.67,Invoice Number,74980573,74980573,True,100.0
invoice_015.jpg,Denoise,93.67,Invoice Date,09/27/2015,09/27/2015,True,100.0
invoice_015.jpg,Denoise,93.67,Seller Tax ID,944-98-4907,944-98-4907,True,100.0
invoice_015.jpg,Denoise,93.67,Client Tax ID,901-84-6442,901-84-6442,True,100.0
invoice_015.jpg,Denoise,93.67,Seller IBAN,GBO2HMXX72577746298746,,False,0.0
invoice_015.jpg,Denoise,93.67,Net Worth,173.87,173.87,True,100.0
invoice_015.jpg,Denoise,93.67,VAT,17.39,17.39,True,100.0
invoice_015.jpg,Denoise,93.67,Gross Worth,191.26,191.26,True,100.0
invoice_015.jpg,Resize,94.03,Invoice Number,74980573,74980573,True,100.0
invoice_015.jpg,Resize,94.03,Invoice Date,09/27/2015,09/27/2015,True,100.0
invoice_015.jpg,Resize,94.03,Seller Tax ID,944-98-4907,944-98-4907,True,100.0
invoice_015.jpg,Resize,94.03,Client Tax ID,901-84-6442,901-84-6442,True,100.0
invoice_015.jpg,Resize,94.03,Seller IBAN,GBO2HMXX72577746298746,,False,0.0
invoice_015.jpg,Resize,94.03,Net Worth,173.87,173.87,True,100.0
invoice_015.jpg,Resize,94.03,VAT,17.39,17.39,True,100.0
invoice_015.jpg,Resize,94.03,Gross Worth,191.26,191.26,True,100.0
invoice_015.jpg,Sharpen,93.78,Invoice Number,74980573,74980573,True,100.0
invoice_015.jpg,Sharpen,93.78,Invoice Date,09/27/2015,09/27/2015,True,100.0
invoice_015.jpg,Sharpen,93.78,Seller Tax ID,944-98-4907,944-98-4907,True,100.0
invoice_015.jpg,Sharpen,93.78,Client Tax ID,901-84-6442,901-84-6442,True,100.0
invoice_015.jpg,Sharpen,93.78,Seller IBAN,GBO2HMXX72577746298746,,False,0.0
invoice_015.jpg,Sharpen,93.78,Net Worth,173.87,173.87,True,100.0
invoice_015.jpg,Sharpen,93.78,VAT,17.39,17.39,True,100.0
invoice_015.jpg,Sharpen,93.78,Gross Worth,191.26,191.26,True,100.0
invoice_016.jpg,Original,52.17,Invoice Number,37060863,,False,0.0
invoice_016.jpg,Original,52.17,Invoice Date,01/30/2021,,False,0.0
invoice_016.jpg,Original,52.17,Seller Tax ID,964-80-9962,,False,0.0
invoice_016.jpg,Original,52.17,Client Tax ID,953-87-7430,,False,0.0
invoice_016.jpg,Original,52.17,Seller IBAN,GB79IBVF13930075179399,GB79IBVF13930075179399,True,100.0
invoice_016.jpg,Original,52.17,Net Worth,1838.93,1838.93,True,100.0
invoice_016.jpg,Original,52.17,VAT,183.89,183.89,True,100.0
invoice_016.jpg,Original,52.17,Gross Worth,2022.82,2022.82,True,100.0
invoice_016.jpg,Gray,51.1,Invoice Number,37060863,,False,0.0
invoice_016.jpg,Gray,51.1,Invoice Date,01/30/2021,,False,0.0
invoice_016.jpg,Gray,51.1,Seller Tax ID,964-80-9962,953-87-7430,False,22.22
invoice_016.jpg,Gray,51.1,Client Tax ID,953-87-7430,,False,0.0
invoice_016.jpg,Gray,51.1,Seller IBAN,GB79IBVF13930075179399,GB79IBVF13930075179399,True,100.0
invoice_016.jpg,Gray,51.1,Net Worth,1838.93,1838.93,True,100.0
invoice_016.jpg,Gray,51.1,VAT,183.89,183.89,True,100.0
invoice_016.jpg,Gray,51.1,Gross Worth,2022.82,2022.82,True,100.0
invoice_016.jpg,Threshold,93.16,Invoice Number,37060863,37060863,True,100.0
invoice_016.jpg,Threshold,93.16,Invoice Date,01/30/2021,01/30/2021,True,100.0
invoice_016.jpg,Threshold,93.16,Seller Tax ID,964-80-9962,964-80-9962,True,100.0
invoice_016.jpg,Threshold,93.16,Client Tax ID,953-87-7430,953-87-7430,True,100.0
invoice_016.jpg,Threshold,93.16,Seller IBAN,GB79IBVF13930075179399,GB79IBVF13930075179399,True,100.0
invoice_016.jpg,Threshold,93.16,Net Worth,1838.93,1838.93,True,100.0
invoice_016.jpg,Threshold,93.16,VAT,183.89,183.89,True,100.0
invoice_016.jpg,Threshold,93.16,Gross Worth,2022.82,2022.82,True,100.0
invoice_016.jpg,Adaptive,18.12,Invoice Number,37060863,,False,0.0
invoice_016.jpg,Adaptive,18.12,Invoice Date,01/30/2021,,False,0.0
invoice_016.jpg,Adaptive,18.12,Seller Tax ID,964-80-9962,,False,0.0
invoice_016.jpg,Adaptive,18.12,Client Tax ID,953-87-7430,,False,0.0
invoice_016.jpg,Adaptive,18.12,Seller IBAN,GB79IBVF13930075179399,,False,0.0
invoice_016.jpg,Adaptive,18.12,Net Worth,1838.93,,False,0.0
invoice_016.jpg,Adaptive,18.12,VAT,183.89,,False,0.0
invoice_016.jpg,Adaptive,18.12,Gross Worth,2022.82,,False,0.0
invoice_016.jpg,Denoise,52.14,Invoice Number,37060863,,False,0.0
invoice_016.jpg,Denoise,52.14,Invoice Date,01/30/2021,,False,0.0
invoice_016.jpg,Denoise,52.14,Seller Tax ID,964-80-9962,964-80-9962,True,100.0
invoice_016.jpg,Denoise,52.14,Client Tax ID,953-87-7430,,False,0.0
invoice_016.jpg,Denoise,52.14,Seller IBAN,GB79IBVF13930075179399,GB79IBVF13930075179399,True,100.0
invoice_016.jpg,Denoise,52.14,Net Worth,1838.93,1838.93,True,100.0
invoice_016.jpg,Denoise,52.14,VAT,183.89,183.89,True,100.0
invoice_016.jpg,Denoise,52.14,Gross Worth,2022.82,2022.82,True,100.0
invoice_016.jpg,Resize,49.12,Invoice Number,37060863,,False,0.0
invoice_016.jpg,Resize,49.12,Invoice Date,01/30/2021,,False,0.0
invoice_016.jpg,Resize,49.12,Seller Tax ID,964-80-9962,,False,0.0
invoice_016.jpg,Resize,49.12,Client Tax ID,953-87-7430,,False,0.0
invoice_016.jpg,Resize,49.12,Seller IBAN,GB79IBVF13930075179399,GB79IBVF13930075179399,True,100.0
invoice_016.jpg,Resize,49.12,Net Worth,1838.93,1838.93,True,100.0
invoice_016.jpg,Resize,49.12,VAT,183.89,183.89,True,100.0
invoice_016.jpg,Resize,49.12,Gross Worth,2022.82,2022.82,True,100.0
invoice_016.jpg,Sharpen,25.32,Invoice Number,37060863,,False,0.0
invoice_016.jpg,Sharpen,25.32,Invoice Date,01/30/2021,,False,0.0
invoice_016.jpg,Sharpen,25.32,Seller Tax ID,964-80-9962,,False,0.0
invoice_016.jpg,Sharpen,25.32,Client Tax ID,953-87-7430,,False,0.0
invoice_016.jpg,Sharpen,25.32,Seller IBAN,GB79IBVF13930075179399,,False,0.0
invoice_016.jpg,Sharpen,25.32,Net Worth,1838.93,194.00,False,28.57
invoice_016.jpg,Sharpen,25.32,VAT,183.89,100194.00,False,22.22
invoice_016.jpg,Sharpen,25.32,Gross Worth,2022.82,213.40,False,28.57
invoice_017.jpg,Original,93.91,Invoice Number,61669642,61669642,True,100.0
invoice_017.jpg,Original,93.91,Invoice Date,11/12/2013,11/12/2013,True,100.0
invoice_017.jpg,Original,93.91,Seller Tax ID,940-76-9247,940-76-9247,True,100.0
invoice_017.jpg,Original,93.91,Client Tax ID,909-87-3064,909-87-3064,True,100.0
invoice_017.jpg,Original,93.91,Seller IBAN,GB89DNYK55635059269556,,False,0.0
invoice_017.jpg,Original,93.91,Net Worth,137.62,137.62,True,100.0
invoice_017.jpg,Original,93.91,VAT,13.76,13.76,True,100.0
invoice_017.jpg,Original,93.91,Gross Worth,151.38,151.38,True,100.0
invoice_017.jpg,Gray,93.91,Invoice Number,61669642,61669642,True,100.0
invoice_017.jpg,Gray,93.91,Invoice Date,11/12/2013,11/12/2013,True,100.0
invoice_017.jpg,Gray,93.91,Seller Tax ID,940-76-9247,940-76-9247,True,100.0
invoice_017.jpg,Gray,93.91,Client Tax ID,909-87-3064,909-87-3064,True,100.0
invoice_017.jpg,Gray,93.91,Seller IBAN,GB89DNYK55635059269556,,False,0.0
invoice_017.jpg,Gray,93.91,Net Worth,137.62,137.62,True,100.0
invoice_017.jpg,Gray,93.91,VAT,13.76,13.76,True,100.0
invoice_017.jpg,Gray,93.91,Gross Worth,151.38,151.38,True,100.0
invoice_017.jpg,Threshold,93.37,Invoice Number,61669642,61669642,True,100.0
invoice_017.jpg,Threshold,93.37,Invoice Date,11/12/2013,11/12/2013,True,100.0
invoice_017.jpg,Threshold,93.37,Seller Tax ID,940-76-9247,940-76-9247,True,100.0
invoice_017.jpg,Threshold,93.37,Client Tax ID,909-87-3064,909-87-3064,True,100.0
invoice_017.jpg,Threshold,93.37,Seller IBAN,GB89DNYK55635059269556,GB89DNYK55635059269556,True,100.0
invoice_017.jpg,Threshold,93.37,Net Worth,137.62,137.62,True,100.0
invoice_017.jpg,Threshold,93.37,VAT,13.76,13.76,True,100.0
invoice_017.jpg,Threshold,93.37,Gross Worth,151.38,151.38,True,100.0
invoice_017.jpg,Adaptive,46.29,Invoice Number,61669642,,False,0.0
invoice_017.jpg,Adaptive,46.29,Invoice Date,11/12/2013,,False,0.0
invoice_017.jpg,Adaptive,46.29,Seller Tax ID,940-76-9247,,False,0.0
invoice_017.jpg,Adaptive,46.29,Client Tax ID,909-87-3064,,False,0.0
invoice_017.jpg,Adaptive,46.29,Seller IBAN,GB89DNYK55635059269556,,False,0.0
invoice_017.jpg,Adaptive,46.29,Net Worth,137.62,,False,0.0
invoice_017.jpg,Adaptive,46.29,VAT,13.76,,False,0.0
invoice_017.jpg,Adaptive,46.29,Gross Worth,151.38,,False,0.0
invoice_017.jpg,Denoise,94.34,Invoice Number,61669642,61669642,True,100.0
invoice_017.jpg,Denoise,94.34,Invoice Date,11/12/2013,11/12/2013,True,100.0
invoice_017.jpg,Denoise,94.34,Seller Tax ID,940-76-9247,940-76-9247,True,100.0
invoice_017.jpg,Denoise,94.34,Client Tax ID,909-87-3064,909-87-3064,True,100.0
invoice_017.jpg,Denoise,94.34,Seller IBAN,GB89DNYK55635059269556,GB89DNYK55635059269556,True,100.0
invoice_017.jpg,Denoise,94.34,Net Worth,137.62,137.62,True,100.0
invoice_017.jpg,Denoise,94.34,VAT,13.76,13.76,True,100.0
invoice_017.jpg,Denoise,94.34,Gross Worth,151.38,151.38,True,100.0
invoice_017.jpg,Resize,93.47,Invoice Number,61669642,61669642,True,100.0
invoice_017.jpg,Resize,93.47,Invoice Date,11/12/2013,11/12/2013,True,100.0
invoice_017.jpg,Resize,93.47,Seller Tax ID,940-76-9247,940-76-9247,True,100.0
invoice_017.jpg,Resize,93.47,Client Tax ID,909-87-3064,909-87-3064,True,100.0
invoice_017.jpg,Resize,93.47,Seller IBAN,GB89DNYK55635059269556,GB89DNYK55635059269556,True,100.0
invoice_017.jpg,Resize,93.47,Net Worth,137.62,137.62,True,100.0
invoice_017.jpg,Resize,93.47,VAT,13.76,13.76,True,100.0
invoice_017.jpg,Resize,93.47,Gross Worth,151.38,151.38,True,100.0
invoice_017.jpg,Sharpen,91.67,Invoice Number,61669642,61669642,True,100.0
invoice_017.jpg,Sharpen,91.67,Invoice Date,11/12/2013,11/12/2013,True,100.0
invoice_017.jpg,Sharpen,91.67,Seller Tax ID,940-76-9247,940-76-9247,True,100.0
invoice_017.jpg,Sharpen,91.67,Client Tax ID,909-87-3064,909-87-3064,True,100.0
invoice_017.jpg,Sharpen,91.67,Seller IBAN,GB89DNYK55635059269556,GB89DNYK55635059269556,True,100.0
invoice_017.jpg,Sharpen,91.67,Net Worth,137.62,137.62,True,100.0
invoice_017.jpg,Sharpen,91.67,VAT,13.76,13.76,True,100.0
invoice_017.jpg,Sharpen,91.67,Gross Worth,151.38,151.38,True,100.0
invoice_018.jpg,Original,93.92,Invoice Number,60456703,60456703,True,100.0
invoice_018.jpg,Original,93.92,Invoice Date,09/01/2016,09/01/2016,True,100.0
invoice_018.jpg,Original,93.92,Seller Tax ID,970-94-1776,970-94-1776,True,100.0
invoice_018.jpg,Original,93.92,Client Tax ID,991-84-7712,991-84-7712,True,100.0
invoice_018.jpg,Original,93.92,Seller IBAN,GBO5IPNV34325216718258,,False,0.0
invoice_018.jpg,Original,93.92,Net Worth,339.98,339.98,True,100.0
invoice_018.jpg,Original,93.92,VAT,34.00,34.00,True,100.0
invoice_018.jpg,Original,93.92,Gross Worth,373.98,373.98,True,100.0
invoice_018.jpg,Gray,94.18,Invoice Number,60456703,60456703,True,100.0
invoice_018.jpg,Gray,94.18,Invoice Date,09/01/2016,09/01/2016,True,100.0
invoice_018.jpg,Gray,94.18,Seller Tax ID,970-94-1776,970-94-1776,True,100.0
invoice_018.jpg,Gray,94.18,Client Tax ID,991-84-7712,991-84-7712,True,100.0
invoice_018.jpg,Gray,94.18,Seller IBAN,GBO5IPNV34325216718258,,False,0.0
invoice_018.jpg,Gray,94.18,Net Worth,339.98,339.98,True,100.0
invoice_018.jpg,Gray,94.18,VAT,34.00,34.00,True,100.0
invoice_018.jpg,Gray,94.18,Gross Worth,373.98,373.98,True,100.0
invoice_018.jpg,Threshold,70.23,Invoice Number,60456703,60456703,True,100.0
invoice_018.jpg,Threshold,70.23,Invoice Date,09/01/2016,09/01/2016,True,100.0
invoice_018.jpg,Threshold,70.23,Seller Tax ID,970-94-1776,970-94-1776,True,100.0
invoice_018.jpg,Threshold,70.23,Client Tax ID,991-84-7712,991-84-7712,True,100.0
invoice_018.jpg,Threshold,70.23,Seller IBAN,GBO5IPNV34325216718258,,False,0.0
invoice_018.jpg,Threshold,70.23,Net Worth,339.98,339.98,True,100.0
invoice_018.jpg,Threshold,70.23,VAT,34.00,34.00,True,100.0
invoice_018.jpg,Threshold,70.23,Gross Worth,373.98,373.98,True,100.0
invoice_018.jpg,Adaptive,13.31,Invoice Number,60456703,,False,0.0
invoice_018.jpg,Adaptive,13.31,Invoice Date,09/01/2016,,False,0.0
invoice_018.jpg,Adaptive,13.31,Seller Tax ID,970-94-1776,,False,0.0
invoice_018.jpg,Adaptive,13.31,Client Tax ID,991-84-7712,,False,0.0
invoice_018.jpg,Adaptive,13.31,Seller IBAN,GBO5IPNV34325216718258,,False,0.0
invoice_018.jpg,Adaptive,13.31,Net Worth,339.98,,False,0.0
invoice_018.jpg,Adaptive,13.31,VAT,34.00,,False,0.0
invoice_018.jpg,Adaptive,13.31,Gross Worth,373.98,,False,0.0
invoice_018.jpg,Denoise,94.18,Invoice Number,60456703,60456703,True,100.0
invoice_018.jpg,Denoise,94.18,Invoice Date,09/01/2016,09/01/2016,True,100.0
invoice_018.jpg,Denoise,94.18,Seller Tax ID,970-94-1776,970-94-1776,True,100.0
invoice_018.jpg,Denoise,94.18,Client Tax ID,991-84-7712,991-84-7712,True,100.0
invoice_018.jpg,Denoise,94.18,Seller IBAN,GBO5IPNV34325216718258,,False,0.0
invoice_018.jpg,Denoise,94.18,Net Worth,339.98,339.98,True,100.0
invoice_018.jpg,Denoise,94.18,VAT,34.00,34.00,True,100.0
invoice_018.jpg,Denoise,94.18,Gross Worth,373.98,373.98,True,100.0
invoice_018.jpg,Resize,18.56,Invoice Number,60456703,,False,0.0
invoice_018.jpg,Resize,18.56,Invoice Date,09/01/2016,,False,0.0
invoice_018.jpg,Resize,18.56,Seller Tax ID,970-94-1776,,False,0.0
invoice_018.jpg,Resize,18.56,Client Tax ID,991-84-7712,,False,0.0
invoice_018.jpg,Resize,18.56,Seller IBAN,GBO5IPNV34325216718258,,False,0.0
invoice_018.jpg,Resize,18.56,Net Worth,339.98,,False,0.0
invoice_018.jpg,Resize,18.56,VAT,34.00,,False,0.0
invoice_018.jpg,Resize,18.56,Gross Worth,373.98,,False,0.0
invoice_018.jpg,Sharpen,15.8,Invoice Number,60456703,,False,0.0
invoice_018.jpg,Sharpen,15.8,Invoice Date,09/01/2016,,False,0.0
invoice_018.jpg,Sharpen,15.8,Seller Tax ID,970-94-1776,,False,0.0
invoice_018.jpg,Sharpen,15.8,Client Tax ID,991-84-7712,,False,0.0
invoice_018.jpg,Sharpen,15.8,Seller IBAN,GBO5IPNV34325216718258,,False,0.0
invoice_018.jpg,Sharpen,15.8,Net Worth,339.98,2.00,False,16.67
invoice_018.jpg,Sharpen,15.8,VAT,34.00,34.00,True,100.0
invoice_018.jpg,Sharpen,15.8,Gross Worth,373.98,339.98,False,66.67
invoice_019.jpg,Original,93.86,Invoice Number,97388190,97388190,True,100.0
invoice_019.jpg,Original,93.86,Invoice Date,12/13/2016,12/13/2016,True,100.0
invoice_019.jpg,Original,93.86,Seller Tax ID,912-83-9339,912-83-9339,True,100.0
invoice_019.jpg,Original,93.86,Client Tax ID,986-76-0381,986-76-0381,True,100.0
invoice_019.jpg,Original,93.86,Seller IBAN,GB36VWDA36824721563097,GB36VWDA36824721563097,True,100.0
invoice_019.jpg,Original,93.86,Net Worth,299.85,299.85,True,100.0
invoice_019.jpg,Original,93.86,VAT,29.99,29.99,True,100.0
invoice_019.jpg,Original,93.86,Gross Worth,329.84,329.84,True,100.0
invoice_019.jpg,Gray,93.87,Invoice Number,97388190,97388190,True,100.0
invoice_019.jpg,Gray,93.87,Invoice Date,12/13/2016,12/13/2016,True,100.0
invoice_019.jpg,Gray,93.87,Seller Tax ID,912-83-9339,912-83-9339,True,100.0
invoice_019.jpg,Gray,93.87,Client Tax ID,986-76-0381,986-76-0381,True,100.0
invoice_019.jpg,Gray,93.87,Seller IBAN,GB36VWDA36824721563097,GB36VWDA36824721563097,True,100.0
invoice_019.jpg,Gray,93.87,Net Worth,299.85,299.85,True,100.0
invoice_019.jpg,Gray,93.87,VAT,29.99,29.99,True,100.0
invoice_019.jpg,Gray,93.87,Gross Worth,329.84,329.84,True,100.0
invoice_019.jpg,Threshold,92.91,Invoice Number,97388190,97388190,True,100.0
invoice_019.jpg,Threshold,92.91,Invoice Date,12/13/2016,12/13/2016,True,100.0
invoice_019.jpg,Threshold,92.91,Seller Tax ID,912-83-9339,912-83-9339,True,100.0
invoice_019.jpg,Threshold,92.91,Client Tax ID,986-76-0381,986-76-0381,True,100.0
invoice_019.jpg,Threshold,92.91,Seller IBAN,GB36VWDA36824721563097,GB36VWDA36824721563097,True,100.0
invoice_019.jpg,Threshold,92.91,Net Worth,299.85,299.85,True,100.0
invoice_019.jpg,Threshold,92.91,VAT,29.99,29.99,True,100.0
invoice_019.jpg,Threshold,92.91,Gross Worth,329.84,329.84,True,100.0
invoice_019.jpg,Adaptive,51.94,Invoice Number,97388190,,False,0.0
invoice_019.jpg,Adaptive,51.94,Invoice Date,12/13/2016,,False,0.0
invoice_019.jpg,Adaptive,51.94,Seller Tax ID,912-83-9339,986-76-0381,False,22.22
invoice_019.jpg,Adaptive,51.94,Client Tax ID,986-76-0381,,False,0.0
invoice_019.jpg,Adaptive,51.94,Seller IBAN,GB36VWDA36824721563097,GB36VWDA36824721563097,True,100.0
invoice_019.jpg,Adaptive,51.94,Net Worth,299.85,299.85,True,100.0
invoice_019.jpg,Adaptive,51.94,VAT,29.99,25.99,False,80.0
invoice_019.jpg,Adaptive,51.94,Gross Worth,329.84,329.84,True,100.0
invoice_019.jpg,Denoise,93.99,Invoice Number,97388190,97388190,True,100.0
invoice_019.jpg,Denoise,93.99,Invoice Date,12/13/2016,12/13/2016,True,100.0
invoice_019.jpg,Denoise,93.99,Seller Tax ID,912-83-9339,912-83-9339,True,100.0
invoice_019.jpg,Denoise,93.99,Client Tax ID,986-76-0381,986-76-0381,True,100.0
invoice_019.jpg,Denoise,93.99,Seller IBAN,GB36VWDA36824721563097,GB36VWDA36824721563097,True,100.0
invoice_019.jpg,Denoise,93.99,Net Worth,299.85,299.85,True,100.0
invoice_019.jpg,Denoise,93.99,VAT,29.99,29.99,True,100.0
invoice_019.jpg,Denoise,93.99,Gross Worth,329.84,329.84,True,100.0
invoice_019.jpg,Resize,93.49,Invoice Number,97388190,97388190,True,100.0
invoice_019.jpg,Resize,93.49,Invoice Date,12/13/2016,12/13/2016,True,100.0
invoice_019.jpg,Resize,93.49,Seller Tax ID,912-83-9339,912-83-9339,True,100.0
invoice_019.jpg,Resize,93.49,Client Tax ID,986-76-0381,986-76-0381,True,100.0
invoice_019.jpg,Resize,93.49,Seller IBAN,GB36VWDA36824721563097,GB36VWDA36824721563097,True,100.0
invoice_019.jpg,Resize,93.49,Net Worth,299.85,299.85,True,100.0
invoice_019.jpg,Resize,93.49,VAT,29.99,29.99,True,100.0
invoice_019.jpg,Resize,93.49,Gross Worth,329.84,329.84,True,100.0
invoice_019.jpg,Sharpen,93.03,Invoice Number,97388190,97388190,True,100.0
invoice_019.jpg,Sharpen,93.03,Invoice Date,12/13/2016,12/13/2016,True,100.0
invoice_019.jpg,Sharpen,93.03,Seller Tax ID,912-83-9339,912-83-9339,True,100.0
invoice_019.jpg,Sharpen,93.03,Client Tax ID,986-76-0381,986-76-0381,True,100.0
invoice_019.jpg,Sharpen,93.03,Seller IBAN,GB36VWDA36824721563097,GB36VWDA36824721563097,True,100.0
invoice_019.jpg,Sharpen,93.03,Net Worth,299.85,299.85,True,100.0
invoice_019.jpg,Sharpen,93.03,VAT,29.99,29.99,True,100.0
invoice_019.jpg,Sharpen,93.03,Gross Worth,329.84,329.84,True,100.0
invoice_020.jpg,Original,90.81,Invoice Number,10942693,10942693,True,100.0
invoice_020.jpg,Original,90.81,Invoice Date,06/13/2018,06/13/2018,True,100.0
invoice_020.jpg,Original,90.81,Seller Tax ID,922-83-3513,922-83-3513,True,100.0
invoice_020.jpg,Original,90.81,Client Tax ID,947-74-2259,947-74-2259,True,100.0
invoice_020.jpg,Original,90.81,Seller IBAN,GB76CSSR03453199859434,GB76CSSR03453199859434,True,100.0
invoice_020.jpg,Original,90.81,Net Worth,19228.78,19228.78,True,100.0
invoice_020.jpg,Original,90.81,VAT,1922.88,1922.88,True,100.0
invoice_020.jpg,Original,90.81,Gross Worth,21151.66,21151.66,True,100.0
invoice_020.jpg,Gray,90.61,Invoice Number,10942693,10942693,True,100.0
invoice_020.jpg,Gray,90.61,Invoice Date,06/13/2018,06/13/2018,True,100.0
invoice_020.jpg,Gray,90.61,Seller Tax ID,922-83-3513,922-83-3513,True,100.0
invoice_020.jpg,Gray,90.61,Client Tax ID,947-74-2259,947-74-2259,True,100.0
invoice_020.jpg,Gray,90.61,Seller IBAN,GB76CSSR03453199859434,GB76CSSR03453199859434,True,100.0
invoice_020.jpg,Gray,90.61,Net Worth,19228.78,19228.78,True,100.0
invoice_020.jpg,Gray,90.61,VAT,1922.88,1922.88,True,100.0
invoice_020.jpg,Gray,90.61,Gross Worth,21151.66,21151.66,True,100.0
invoice_020.jpg,Threshold,90.8,Invoice Number,10942693,10942693,True,100.0
invoice_020.jpg,Threshold,90.8,Invoice Date,06/13/2018,06/13/2018,True,100.0
invoice_020.jpg,Threshold,90.8,Seller Tax ID,922-83-3513,922-83-3513,True,100.0
invoice_020.jpg,Threshold,90.8,Client Tax ID,947-74-2259,947-74-2259,True,100.0
invoice_020.jpg,Threshold,90.8,Seller IBAN,GB76CSSR03453199859434,GB76CSSR03453199859434,True,100.0
invoice_020.jpg,Threshold,90.8,Net Worth,19228.78,19228.78,True,100.0
invoice_020.jpg,Threshold,90.8,VAT,1922.88,1922.88,True,100.0
invoice_020.jpg,Threshold,90.8,Gross Worth,21151.66,21151.66,True,100.0
invoice_020.jpg,Adaptive,18.78,Invoice Number,10942693,,False,0.0
invoice_020.jpg,Adaptive,18.78,Invoice Date,06/13/2018,,False,0.0
invoice_020.jpg,Adaptive,18.78,Seller Tax ID,922-83-3513,,False,0.0
invoice_020.jpg,Adaptive,18.78,Client Tax ID,947-74-2259,,False,0.0
invoice_020.jpg,Adaptive,18.78,Seller IBAN,GB76CSSR03453199859434,,False,0.0
invoice_020.jpg,Adaptive,18.78,Net Worth,19228.78,,False,0.0
invoice_020.jpg,Adaptive,18.78,VAT,1922.88,,False,0.0
invoice_020.jpg,Adaptive,18.78,Gross Worth,21151.66,,False,0.0
invoice_020.jpg,Denoise,90.53,Invoice Number,10942693,10942693,True,100.0
invoice_020.jpg,Denoise,90.53,Invoice Date,06/13/2018,06/13/2018,True,100.0
invoice_020.jpg,Denoise,90.53,Seller Tax ID,922-83-3513,922-83-3513,True,100.0
invoice_020.jpg,Denoise,90.53,Client Tax ID,947-74-2259,947-74-2259,True,100.0
invoice_020.jpg,Denoise,90.53,Seller IBAN,GB76CSSR03453199859434,GB76CSSR03453199859434,True,100.0
invoice_020.jpg,Denoise,90.53,Net Worth,19228.78,19228.78,True,100.0
invoice_020.jpg,Denoise,90.53,VAT,1922.88,1922.88,True,100.0
invoice_020.jpg,Denoise,90.53,Gross Worth,21151.66,21151.66,True,100.0
invoice_020.jpg,Resize,92.5,Invoice Number,10942693,10942693,True,100.0
invoice_020.jpg,Resize,92.5,Invoice Date,06/13/2018,06/13/2018,True,100.0
invoice_020.jpg,Resize,92.5,Seller Tax ID,922-83-3513,922-83-3513,True,100.0
invoice_020.jpg,Resize,92.5,Client Tax ID,947-74-2259,947-74-2259,True,100.0
invoice_020.jpg,Resize,92.5,Seller IBAN,GB76CSSR03453199859434,GB76CSSR03453199859434,True,100.0
invoice_020.jpg,Resize,92.5,Net Worth,19228.78,19228.78,True,100.0
invoice_020.jpg,Resize,92.5,VAT,1922.88,1922.88,True,100.0
invoice_020.jpg,Resize,92.5,Gross Worth,21151.66,21151.66,True,100.0
invoice_020.jpg,Sharpen,82.74,Invoice Number,10942693,10942693,True,100.0
invoice_020.jpg,Sharpen,82.74,Invoice Date,06/13/2018,06/13/2018,True,100.0
invoice_020.jpg,Sharpen,82.74,Seller Tax ID,922-83-3513,922-83-3513,True,100.0
invoice_020.jpg,Sharpen,82.74,Client Tax ID,947-74-2259,947-74-2259,True,100.0
invoice_020.jpg,Sharpen,82.74,Seller IBAN,GB76CSSR03453199859434,GB76CSSR03453199859434,True,100.0
invoice_020.jpg,Sharpen,82.74,Net Worth,19228.78,19228.78,True,100.0
invoice_020.jpg,Sharpen,82.74,VAT,1922.88,1922.88,True,100.0
invoice_020.jpg,Sharpen,82.74,Gross Worth,21151.66,21151.66,True,100.0
invoice_021.jpg,Original,94.06,Invoice Number,20434959,20434959,True,100.0
invoice_021.jpg,Original,94.06,Invoice Date,12/20/2011,12/20/2011,True,100.0
invoice_021.jpg,Original,94.06,Seller Tax ID,932-75-6582,932-75-6582,True,100.0
invoice_021.jpg,Original,94.06,Client Tax ID,940-95-1310,940-95-1310,True,100.0
invoice_021.jpg,Original,94.06,Seller IBAN,GB35IHYS72111215388563,GB35IHYS72111215388563,True,100.0
invoice_021.jpg,Original,94.06,Net Worth,26.97,26.97,True,100.0
invoice_021.jpg,Original,94.06,VAT,2.70,2.70,True,100.0
invoice_021.jpg,Original,94.06,Gross Worth,29.67,29.67,True,100.0
invoice_021.jpg,Gray,94.04,Invoice Number,20434959,20434959,True,100.0
invoice_021.jpg,Gray,94.04,Invoice Date,12/20/2011,12/20/2011,True,100.0
invoice_021.jpg,Gray,94.04,Seller Tax ID,932-75-6582,932-75-6582,True,100.0
invoice_021.jpg,Gray,94.04,Client Tax ID,940-95-1310,940-95-1310,True,100.0
invoice_021.jpg,Gray,94.04,Seller IBAN,GB35IHYS72111215388563,GB35IHYS72111215388563,True,100.0
invoice_021.jpg,Gray,94.04,Net Worth,26.97,26.97,True,100.0
invoice_021.jpg,Gray,94.04,VAT,2.70,2.70,True,100.0
invoice_021.jpg,Gray,94.04,Gross Worth,29.67,29.67,True,100.0
invoice_021.jpg,Threshold,94.02,Invoice Number,20434959,20434959,True,100.0
invoice_021.jpg,Threshold,94.02,Invoice Date,12/20/2011,12/20/2011,True,100.0
invoice_021.jpg,Threshold,94.02,Seller Tax ID,932-75-6582,932-75-6582,True,100.0
invoice_021.jpg,Threshold,94.02,Client Tax ID,940-95-1310,940-95-1310,True,100.0
invoice_021.jpg,Threshold,94.02,Seller IBAN,GB35IHYS72111215388563,GB35IHYS72111215388563,True,100.0
invoice_021.jpg,Threshold,94.02,Net Worth,26.97,26.97,True,100.0
invoice_021.jpg,Threshold,94.02,VAT,2.70,2.70,True,100.0
invoice_021.jpg,Threshold,94.02,Gross Worth,29.67,29.67,True,100.0
invoice_021.jpg,Adaptive,17.17,Invoice Number,20434959,,False,0.0
invoice_021.jpg,Adaptive,17.17,Invoice Date,12/20/2011,,False,0.0
invoice_021.jpg,Adaptive,17.17,Seller Tax ID,932-75-6582,,False,0.0
invoice_021.jpg,Adaptive,17.17,Client Tax ID,940-95-1310,,False,0.0
invoice_021.jpg,Adaptive,17.17,Seller IBAN,GB35IHYS72111215388563,,False,0.0
invoice_021.jpg,Adaptive,17.17,Net Worth,26.97,,False,0.0
invoice_021.jpg,Adaptive,17.17,VAT,2.70,,False,0.0
invoice_021.jpg,Adaptive,17.17,Gross Worth,29.67,,False,0.0
invoice_021.jpg,Denoise,94.07,Invoice Number,20434959,20434959,True,100.0
invoice_021.jpg,Denoise,94.07,Invoice Date,12/20/2011,12/20/2011,True,100.0
invoice_021.jpg,Denoise,94.07,Seller Tax ID,932-75-6582,932-75-6582,True,100.0
invoice_021.jpg,Denoise,94.07,Client Tax ID,940-95-1310,940-95-1310,True,100.0
invoice_021.jpg,Denoise,94.07,Seller IBAN,GB35IHYS72111215388563,GB35IHYS72111215388563,True,100.0
invoice_021.jpg,Denoise,94.07,Net Worth,26.97,26.97,True,100.0
invoice_021.jpg,Denoise,94.07,VAT,2.70,2.70,True,100.0
invoice_021.jpg,Denoise,94.07,Gross Worth,29.67,29.67,True,100.0
invoice_021.jpg,Resize,94.46,Invoice Number,20434959,20434959,True,100.0
invoice_021.jpg,Resize,94.46,Invoice Date,12/20/2011,12/20/2011,True,100.0
invoice_021.jpg,Resize,94.46,Seller Tax ID,932-75-6582,932-75-6582,True,100.0
invoice_021.jpg,Resize,94.46,Client Tax ID,940-95-1310,940-95-1310,True,100.0
invoice_021.jpg,Resize,94.46,Seller IBAN,GB35IHYS72111215388563,GB35IHYS72111215388563,True,100.0
invoice_021.jpg,Resize,94.46,Net Worth,26.97,26.97,True,100.0
invoice_021.jpg,Resize,94.46,VAT,2.70,2.70,True,100.0
invoice_021.jpg,Resize,94.46,Gross Worth,29.67,29.67,True,100.0
invoice_021.jpg,Sharpen,75.39,Invoice Number,20434959,20434959,True,100.0
invoice_021.jpg,Sharpen,75.39,Invoice Date,12/20/2011,12/20/2011,True,100.0
invoice_021.jpg,Sharpen,75.39,Seller Tax ID,932-75-6582,932-75-6582,True,100.0
invoice_021.jpg,Sharpen,75.39,Client Tax ID,940-95-1310,940-95-1310,True,100.0
invoice_021.jpg,Sharpen,75.39,Seller IBAN,GB35IHYS72111215388563,GB35IHYS72111215388563,True,100.0
invoice_021.jpg,Sharpen,75.39,Net Worth,26.97,26.97,True,100.0
invoice_021.jpg,Sharpen,75.39,VAT,2.70,2.70,True,100.0
invoice_021.jpg,Sharpen,75.39,Gross Worth,29.67,29.67,True,100.0
invoice_022.jpg,Original,86.66,Invoice Number,58379529,58379529,True,100.0
invoice_022.jpg,Original,86.66,Invoice Date,05/31/2011,05/31/2011,True,100.0
invoice_022.jpg,Original,86.66,Seller Tax ID,944-77-4530,944-77-4530,True,100.0
invoice_022.jpg,Original,86.66,Client Tax ID,913-994-1721,913-94-1721,False,90.0
invoice_022.jpg,Original,86.66,Seller IBAN,GBO3KMWL18203008008726,,False,0.0
invoice_022.jpg,Original,86.66,Net Worth,2667.91,2667.91,True,100.0
invoice_022.jpg,Original,86.66,VAT,266.79,266.79,True,100.0
invoice_022.jpg,Original,86.66,Gross Worth,2934.70,2934.70,True,100.0
invoice_022.jpg,Gray,86.66,Invoice Number,58379529,58379529,True,100.0
invoice_022.jpg,Gray,86.66,Invoice Date,05/31/2011,05/31/2011,True,100.0
invoice_022.jpg,Gray,86.66,Seller Tax ID,944-77-4530,944-77-4530,True,100.0
invoice_022.jpg,Gray,86.66,Client Tax ID,913-994-1721,913-94-1721,False,90.0
invoice_022.jpg,Gray,86.66,Seller IBAN,GBO3KMWL18203008008726,,False,0.0
invoice_022.jpg,Gray,86.66,Net Worth,2667.91,2667.91,True,100.0
invoice_022.jpg,Gray,86.66,VAT,266.79,266.79,True,100.0
invoice_022.jpg,Gray,86.66,Gross Worth,2934.70,2934.70,True,100.0
invoice_022.jpg,Threshold,88.26,Invoice Number,58379529,58379529,True,100.0
invoice_022.jpg,Threshold,88.26,Invoice Date,05/31/2011,05/31/2011,True,100.0
invoice_022.jpg,Threshold,88.26,Seller Tax ID,944-77-4530,944-77-4530,True,100.0
invoice_022.jpg,Threshold,88.26,Client Tax ID,913-994-1721,913-94-1721,False,90.0
invoice_022.jpg,Threshold,88.26,Seller IBAN,GBO3KMWL18203008008726,,False,0.0
invoice_022.jpg,Threshold,88.26,Net Worth,2667.91,2667.91,True,100.0
invoice_022.jpg,Threshold,88.26,VAT,266.79,266.79,True,100.0
invoice_022.jpg,Threshold,88.26,Gross Worth,2934.70,2934.70,True,100.0
invoice_022.jpg,Adaptive,55.35,Invoice Number,58379529,,False,0.0
invoice_022.jpg,Adaptive,55.35,Invoice Date,05/31/2011,,False,0.0
invoice_022.jpg,Adaptive,55.35,Seller Tax ID,944-77-4530,944-77-4530,True,100.0
invoice_022.jpg,Adaptive,55.35,Client Tax ID,913-994-1721,913-94-1721,False,90.0
invoice_022.jpg,Adaptive,55.35,Seller IBAN,GBO3KMWL18203008008726,,False,0.0
invoice_022.jpg,Adaptive,55.35,Net Worth,2667.91,,False,0.0
invoice_022.jpg,Adaptive,55.35,VAT,266.79,,False,0.0
invoice_022.jpg,Adaptive,55.35,Gross Worth,2934.70,,False,0.0
invoice_022.jpg,Denoise,86.99,Invoice Number,58379529,58379529,True,100.0
invoice_022.jpg,Denoise,86.99,Invoice Date,05/31/2011,05/31/2011,True,100.0
invoice_022.jpg,Denoise,86.99,Seller Tax ID,944-77-4530,944-77-4530,True,100.0
invoice_022.jpg,Denoise,86.99,Client Tax ID,913-994-1721,913-94-1721,False,90.0
invoice_022.jpg,Denoise,86.99,Seller IBAN,GBO3KMWL18203008008726,,False,0.0
invoice_022.jpg,Denoise,86.99,Net Worth,2667.91,2667.91,True,100.0
invoice_022.jpg,Denoise,86.99,VAT,266.79,266.79,True,100.0
invoice_022.jpg,Denoise,86.99,Gross Worth,2934.70,2934.70,True,100.0
invoice_022.jpg,Resize,89.77,Invoice Number,58379529,58379529,True,100.0
invoice_022.jpg,Resize,89.77,Invoice Date,05/31/2011,05/31/2011,True,100.0
invoice_022.jpg,Resize,89.77,Seller Tax ID,944-77-4530,944-77-4530,True,100.0
invoice_022.jpg,Resize,89.77,Client Tax ID,913-994-1721,913-94-1721,False,90.0
invoice_022.jpg,Resize,89.77,Seller IBAN,GBO3KMWL18203008008726,,False,0.0
invoice_022.jpg,Resize,89.77,Net Worth,2667.91,2667.91,True,100.0
invoice_022.jpg,Resize,89.77,VAT,266.79,266.79,True,100.0
invoice_022.jpg,Resize,89.77,Gross Worth,2934.70,2934.70,True,100.0
invoice_022.jpg,Sharpen,85.99,Invoice Number,58379529,58379529,True,100.0
invoice_022.jpg,Sharpen,85.99,Invoice Date,05/31/2011,05/31/2011,True,100.0
invoice_022.jpg,Sharpen,85.99,Seller Tax ID,944-77-4530,944-77-4530,True,100.0
invoice_022.jpg,Sharpen,85.99,Client Tax ID,913-994-1721,913-94-1721,False,90.0
invoice_022.jpg,Sharpen,85.99,Seller IBAN,GBO3KMWL18203008008726,,False,0.0
invoice_022.jpg,Sharpen,85.99,Net Worth,2667.91,2667.91,True,100.0
invoice_022.jpg,Sharpen,85.99,VAT,266.79,266.79,True,100.0
invoice_022.jpg,Sharpen,85.99,Gross Worth,2934.70,2934.70,True,100.0
invoice_023.jpg,Original,90.11,Invoice Number,54661411,54661411,True,100.0
invoice_023.jpg,Original,90.11,Invoice Date,07/29/2020,07/29/2020,True,100.0
invoice_023.jpg,Original,90.11,Seller Tax ID,928-97-0774,928-97-0774,True,100.0
invoice_023.jpg,Original,90.11,Client Tax ID,913-98-4271,913-98-4271,True,100.0
invoice_023.jpg,Original,90.11,Seller IBAN,GB34CHOA94863267286764,GB34CHOA94863267286764,True,100.0
invoice_023.jpg,Original,90.11,Net Worth,7200.53,7200.53,True,100.0
invoice_023.jpg,Original,90.11,VAT,720.05,720.05,True,100.0
invoice_023.jpg,Original,90.11,Gross Worth,7920.58,7920.58,True,100.0
invoice_023.jpg,Gray,90.08,Invoice Number,54661411,54661411,True,100.0
invoice_023.jpg,Gray,90.08,Invoice Date,07/29/2020,07/29/2020,True,100.0
invoice_023.jpg,Gray,90.08,Seller Tax ID,928-97-0774,928-97-0774,True,100.0
invoice_023.jpg,Gray,90.08,Client Tax ID,913-98-4271,913-98-4271,True,100.0
invoice_023.jpg,Gray,90.08,Seller IBAN,GB34CHOA94863267286764,GB34CHOA94863267286764,True,100.0
invoice_023.jpg,Gray,90.08,Net Worth,7200.53,7200.53,True,100.0
invoice_023.jpg,Gray,90.08,VAT,720.05,720.05,True,100.0
invoice_023.jpg,Gray,90.08,Gross Worth,7920.58,7920.58,True,100.0
invoice_023.jpg,Threshold,91.6,Invoice Number,54661411,54661411,True,100.0
invoice_023.jpg,Threshold,91.6,Invoice Date,07/29/2020,07/29/2020,True,100.0
invoice_023.jpg,Threshold,91.6,Seller Tax ID,928-97-0774,928-97-0774,True,100.0
invoice_023.jpg,Threshold,91.6,Client Tax ID,913-98-4271,913-98-4271,True,100.0
invoice_023.jpg,Threshold,91.6,Seller IBAN,GB34CHOA94863267286764,GB34CHOA94863267286764,True,100.0
invoice_023.jpg,Threshold,91.6,Net Worth,7200.53,7200.53,True,100.0
invoice_023.jpg,Threshold,91.6,VAT,720.05,720.05,True,100.0
invoice_023.jpg,Threshold,91.6,Gross Worth,7920.58,7920.58,True,100.0
invoice_023.jpg,Adaptive,77.46,Invoice Number,54661411,,False,0.0
invoice_023.jpg,Adaptive,77.46,Invoice Date,07/29/2020,07/29/2020,True,100.0
invoice_023.jpg,Adaptive,77.46,Seller Tax ID,928-97-0774,928-97-0774,True,100.0
invoice_023.jpg,Adaptive,77.46,Client Tax ID,913-98-4271,913-98-4271,True,100.0
invoice_023.jpg,Adaptive,77.46,Seller IBAN,GB34CHOA94863267286764,GB34CHOA94863267286764,True,100.0
invoice_023.jpg,Adaptive,77.46,Net Worth,7200.53,7200.53,True,100.0
invoice_023.jpg,Adaptive,77.46,VAT,720.05,720.05,True,100.0
invoice_023.jpg,Adaptive,77.46,Gross Worth,7920.58,920.58,False,85.71
invoice_023.jpg,Denoise,90.56,Invoice Number,54661411,54661411,True,100.0
invoice_023.jpg,Denoise,90.56,Invoice Date,07/29/2020,07/29/2020,True,100.0
invoice_023.jpg,Denoise,90.56,Seller Tax ID,928-97-0774,928-97-0774,True,100.0
invoice_023.jpg,Denoise,90.56,Client Tax ID,913-98-4271,913-98-4271,True,100.0
invoice_023.jpg,Denoise,90.56,Seller IBAN,GB34CHOA94863267286764,GB34CHOA94863267286764,True,100.0
invoice_023.jpg,Denoise,90.56,Net Worth,7200.53,7200.53,True,100.0
invoice_023.jpg,Denoise,90.56,VAT,720.05,720.05,True,100.0
invoice_023.jpg,Denoise,90.56,Gross Worth,7920.58,7920.58,True,100.0
invoice_023.jpg,Resize,93.56,Invoice Number,54661411,54661411,True,100.0
invoice_023.jpg,Resize,93.56,Invoice Date,07/29/2020,07/29/2020,True,100.0
invoice_023.jpg,Resize,93.56,Seller Tax ID,928-97-0774,928-97-0774,True,100.0
invoice_023.jpg,Resize,93.56,Client Tax ID,913-98-4271,913-98-4271,True,100.0
invoice_023.jpg,Resize,93.56,Seller IBAN,GB34CHOA94863267286764,GB34CHOA94863267286764,True,100.0
invoice_023.jpg,Resize,93.56,Net Worth,7200.53,7200.53,True,100.0
invoice_023.jpg,Resize,93.56,VAT,720.05,720.05,True,100.0
invoice_023.jpg,Resize,93.56,Gross Worth,7920.58,7920.58,True,100.0
invoice_023.jpg,Sharpen,90.69,Invoice Number,54661411,54661411,True,100.0
invoice_023.jpg,Sharpen,90.69,Invoice Date,07/29/2020,07/29/2020,True,100.0
invoice_023.jpg,Sharpen,90.69,Seller Tax ID,928-97-0774,928-97-0774,True,100.0
invoice_023.jpg,Sharpen,90.69,Client Tax ID,913-98-4271,913-98-4271,True,100.0
invoice_023.jpg,Sharpen,90.69,Seller IBAN,GB34CHOA94863267286764,GB34CHOA94863267286764,True,100.0
invoice_023.jpg,Sharpen,90.69,Net Worth,7200.53,7200.53,True,100.0
invoice_023.jpg,Sharpen,90.69,VAT,720.05,720.05,True,100.0
invoice_023.jpg,Sharpen,90.69,Gross Worth,7920.58,7920.58,True,100.0
invoice_024.jpg,Original,89.21,Invoice Number,32830026,32830026,True,100.0
invoice_024.jpg,Original,89.21,Invoice Date,12/20/2014,12/20/2014,True,100.0
invoice_024.jpg,Original,89.21,Seller Tax ID,907-77-8965,907-77-8965,True,100.0
invoice_024.jpg,Original,89.21,Client Tax ID,995-83-6792,995-83-6792,True,100.0
invoice_024.jpg,Original,89.21,Seller IBAN,GB810UZN44807763808287,GB810UZN44807763808287,True,100.0
invoice_024.jpg,Original,89.21,Net Worth,1036.58,1036.58,True,100.0
invoice_024.jpg,Original,89.21,VAT,103.66,103.66,True,100.0
invoice_024.jpg,Original,89.21,Gross Worth,1140.24,1140.24,True,100.0
invoice_024.jpg,Gray,89.21,Invoice Number,32830026,32830026,True,100.0
invoice_024.jpg,Gray,89.21,Invoice Date,12/20/2014,12/20/2014,True,100.0
invoice_024.jpg,Gray,89.21,Seller Tax ID,907-77-8965,907-77-8965,True,100.0
invoice_024.jpg,Gray,89.21,Client Tax ID,995-83-6792,995-83-6792,True,100.0
invoice_024.jpg,Gray,89.21,Seller IBAN,GB810UZN44807763808287,GB810UZN44807763808287,True,100.0
invoice_024.jpg,Gray,89.21,Net Worth,1036.58,1036.58,True,100.0
invoice_024.jpg,Gray,89.21,VAT,103.66,103.66,True,100.0
invoice_024.jpg,Gray,89.21,Gross Worth,1140.24,1140.24,True,100.0
invoice_024.jpg,Threshold,89.14,Invoice Number,32830026,32830026,True,100.0
invoice_024.jpg,Threshold,89.14,Invoice Date,12/20/2014,12/20/2014,True,100.0
invoice_024.jpg,Threshold,89.14,Seller Tax ID,907-77-8965,907-77-8965,True,100.0
invoice_024.jpg,Threshold,89.14,Client Tax ID,995-83-6792,995-83-6792,True,100.0
invoice_024.jpg,Threshold,89.14,Seller IBAN,GB810UZN44807763808287,GB810UZN44807763808287,True,100.0
invoice_024.jpg,Threshold,89.14,Net Worth,1036.58,1036.58,True,100.0
invoice_024.jpg,Threshold,89.14,VAT,103.66,103.66,True,100.0
invoice_024.jpg,Threshold,89.14,Gross Worth,1140.24,1140.24,True,100.0
invoice_024.jpg,Adaptive,25.0,Invoice Number,32830026,,False,0.0
invoice_024.jpg,Adaptive,25.0,Invoice Date,12/20/2014,,False,0.0
invoice_024.jpg,Adaptive,25.0,Seller Tax ID,907-77-8965,,False,0.0
invoice_024.jpg,Adaptive,25.0,Client Tax ID,995-83-6792,,False,0.0
invoice_024.jpg,Adaptive,25.0,Seller IBAN,GB810UZN44807763808287,GB810UZN44807763808287,True,100.0
invoice_024.jpg,Adaptive,25.0,Net Worth,1036.58,,False,0.0
invoice_024.jpg,Adaptive,25.0,VAT,103.66,,False,0.0
invoice_024.jpg,Adaptive,25.0,Gross Worth,1140.24,,False,0.0
invoice_024.jpg,Denoise,89.03,Invoice Number,32830026,32830026,True,100.0
invoice_024.jpg,Denoise,89.03,Invoice Date,12/20/2014,12/20/2014,True,100.0
invoice_024.jpg,Denoise,89.03,Seller Tax ID,907-77-8965,907-77-8965,True,100.0
invoice_024.jpg,Denoise,89.03,Client Tax ID,995-83-6792,995-83-6792,True,100.0
invoice_024.jpg,Denoise,89.03,Seller IBAN,GB810UZN44807763808287,GB810UZN44807763808287,True,100.0
invoice_024.jpg,Denoise,89.03,Net Worth,1036.58,1036.58,True,100.0
invoice_024.jpg,Denoise,89.03,VAT,103.66,103.66,True,100.0
invoice_024.jpg,Denoise,89.03,Gross Worth,1140.24,1140.24,True,100.0
invoice_024.jpg,Resize,34.05,Invoice Number,32830026,32830026,True,100.0
invoice_024.jpg,Resize,34.05,Invoice Date,12/20/2014,,False,0.0
invoice_024.jpg,Resize,34.05,Seller Tax ID,907-77-8965,907-77-8965,True,100.0
invoice_024.jpg,Resize,34.05,Client Tax ID,995-83-6792,,False,0.0
invoice_024.jpg,Resize,34.05,Seller IBAN,GB810UZN44807763808287,GB810UZN44807763808287,True,100.0
invoice_024.jpg,Resize,34.05,Net Worth,1036.58,1036.58,True,100.0
invoice_024.jpg,Resize,34.05,VAT,103.66,103.66,True,100.0
invoice_024.jpg,Resize,34.05,Gross Worth,1140.24,1140.24,True,100.0
invoice_024.jpg,Sharpen,86.27,Invoice Number,32830026,32830026,True,100.0
invoice_024.jpg,Sharpen,86.27,Invoice Date,12/20/2014,12/20/2014,True,100.0
invoice_024.jpg,Sharpen,86.27,Seller Tax ID,907-77-8965,907-77-8965,True,100.0
invoice_024.jpg,Sharpen,86.27,Client Tax ID,995-83-6792,995-83-6792,True,100.0
invoice_024.jpg,Sharpen,86.27,Seller IBAN,GB810UZN44807763808287,GB810UZN44807763808287,True,100.0
invoice_024.jpg,Sharpen,86.27,Net Worth,1036.58,1036.58,True,100.0
invoice_024.jpg,Sharpen,86.27,VAT,103.66,103.66,True,100.0
invoice_024.jpg,Sharpen,86.27,Gross Worth,1140.24,1140.24,True,100.0
invoice_025.jpg,Original,92.09,Invoice Number,44848471,44848471,True,100.0
invoice_025.jpg,Original,92.09,Invoice Date,03/26/2021,03/26/2021,True,100.0
invoice_025.jpg,Original,92.09,Seller Tax ID,902-74-7536,902-74-7536,True,100.0
invoice_025.jpg,Original,92.09,Client Tax ID,913-71-7249,913-71-7249,True,100.0
invoice_025.jpg,Original,92.09,Seller IBAN,GB89NZLM61247862676381,GB89NZLM61247862676381,True,100.0
invoice_025.jpg,Original,92.09,Net Worth,762.44,762.44,True,100.0
invoice_025.jpg,Original,92.09,VAT,76.24,76.24,True,100.0
invoice_025.jpg,Original,92.09,Gross Worth,838.68,838.68,True,100.0
invoice_025.jpg,Gray,92.15,Invoice Number,44848471,44848471,True,100.0
invoice_025.jpg,Gray,92.15,Invoice Date,03/26/2021,03/26/2021,True,100.0
invoice_025.jpg,Gray,92.15,Seller Tax ID,902-74-7536,902-74-7536,True,100.0
invoice_025.jpg,Gray,92.15,Client Tax ID,913-71-7249,913-71-7249,True,100.0
invoice_025.jpg,Gray,92.15,Seller IBAN,GB89NZLM61247862676381,GB89NZLM61247862676381,True,100.0
invoice_025.jpg,Gray,92.15,Net Worth,762.44,762.44,True,100.0
invoice_025.jpg,Gray,92.15,VAT,76.24,76.24,True,100.0
invoice_025.jpg,Gray,92.15,Gross Worth,838.68,838.68,True,100.0
invoice_025.jpg,Threshold,92.14,Invoice Number,44848471,44848471,True,100.0
invoice_025.jpg,Threshold,92.14,Invoice Date,03/26/2021,03/26/2021,True,100.0
invoice_025.jpg,Threshold,92.14,Seller Tax ID,902-74-7536,902-74-7536,True,100.0
invoice_025.jpg,Threshold,92.14,Client Tax ID,913-71-7249,913-71-7249,True,100.0
invoice_025.jpg,Threshold,92.14,Seller IBAN,GB89NZLM61247862676381,GB89NZLM61247862676381,True,100.0
invoice_025.jpg,Threshold,92.14,Net Worth,762.44,762.44,True,100.0
invoice_025.jpg,Threshold,92.14,VAT,76.24,76.24,True,100.0
invoice_025.jpg,Threshold,92.14,Gross Worth,838.68,838.68,True,100.0
invoice_025.jpg,Adaptive,41.74,Invoice Number,44848471,,False,0.0
invoice_025.jpg,Adaptive,41.74,Invoice Date,03/26/2021,,False,0.0
invoice_025.jpg,Adaptive,41.74,Seller Tax ID,902-74-7536,,False,0.0
invoice_025.jpg,Adaptive,41.74,Client Tax ID,913-71-7249,,False,0.0
invoice_025.jpg,Adaptive,41.74,Seller IBAN,GB89NZLM61247862676381,GB89NZLM61247862676381,True,100.0
invoice_025.jpg,Adaptive,41.74,Net Worth,762.44,,False,0.0
invoice_025.jpg,Adaptive,41.74,VAT,76.24,,False,0.0
invoice_025.jpg,Adaptive,41.74,Gross Worth,838.68,,False,0.0
invoice_025.jpg,Denoise,91.81,Invoice Number,44848471,44848471,True,100.0
invoice_025.jpg,Denoise,91.81,Invoice Date,03/26/2021,03/26/2021,True,100.0
invoice_025.jpg,Denoise,91.81,Seller Tax ID,902-74-7536,902-74-7536,True,100.0
invoice_025.jpg,Denoise,91.81,Client Tax ID,913-71-7249,913-71-7249,True,100.0
invoice_025.jpg,Denoise,91.81,Seller IBAN,GB89NZLM61247862676381,GB89NZLM61247862676381,True,100.0
invoice_025.jpg,Denoise,91.81,Net Worth,762.44,762.44,True,100.0
invoice_025.jpg,Denoise,91.81,VAT,76.24,76.24,True,100.0
invoice_025.jpg,Denoise,91.81,Gross Worth,838.68,838.68,True,100.0
invoice_025.jpg,Resize,93.75,Invoice Number,44848471,44848471,True,100.0
invoice_025.jpg,Resize,93.75,Invoice Date,03/26/2021,03/26/2021,True,100.0
invoice_025.jpg,Resize,93.75,Seller Tax ID,902-74-7536,902-74-7536,True,100.0
invoice_025.jpg,Resize,93.75,Client Tax ID,913-71-7249,913-71-7249,True,100.0
invoice_025.jpg,Resize,93.75,Seller IBAN,GB89NZLM61247862676381,GB89NZLM61247862676381,True,100.0
invoice_025.jpg,Resize,93.75,Net Worth,762.44,762.44,True,100.0
invoice_025.jpg,Resize,93.75,VAT,76.24,76.24,True,100.0
invoice_025.jpg,Resize,93.75,Gross Worth,838.68,838.68,True,100.0
invoice_025.jpg,Sharpen,88.57,Invoice Number,44848471,44848471,True,100.0
invoice_025.jpg,Sharpen,88.57,Invoice Date,03/26/2021,03/26/2021,True,100.0
invoice_025.jpg,Sharpen,88.57,Seller Tax ID,902-74-7536,902-74-7536,True,100.0
invoice_025.jpg,Sharpen,88.57,Client Tax ID,913-71-7249,913-71-7249,True,100.0
invoice_025.jpg,Sharpen,88.57,Seller IBAN,GB89NZLM61247862676381,GB89NZLM61247862676381,True,100.0
invoice_025.jpg,Sharpen,88.57,Net Worth,762.44,762.44,True,100.0
invoice_025.jpg,Sharpen,88.57,VAT,76.24,76.24,True,100.0
invoice_025.jpg,Sharpen,88.57,Gross Worth,838.68,838.68,True,100.0
invoice_026.jpg,Original,92.3,Invoice Number,51295021,51295021,True,100.0
invoice_026.jpg,Original,92.3,Invoice Date,01/05/2017,01/05/2017,True,100.0
invoice_026.jpg,Original,92.3,Seller Tax ID,922-88-3881,922-88-3881,True,100.0
invoice_026.jpg,Original,92.3,Client Tax ID,965-87-8819,965-87-8819,True,100.0
invoice_026.jpg,Original,92.3,Seller IBAN,GB64NDCS47020318571282,GB64NDCS47020318571282,True,100.0
invoice_026.jpg,Original,92.3,Net Worth,8415.08,8415.08,True,100.0
invoice_026.jpg,Original,92.3,VAT,841.51,841.51,True,100.0
invoice_026.jpg,Original,92.3,Gross Worth,9256.59,9256.59,True,100.0
invoice_026.jpg,Gray,92.3,Invoice Number,51295021,51295021,True,100.0
invoice_026.jpg,Gray,92.3,Invoice Date,01/05/2017,01/05/2017,True,100.0
invoice_026.jpg,Gray,92.3,Seller Tax ID,922-88-3881,922-88-3881,True,100.0
invoice_026.jpg,Gray,92.3,Client Tax ID,965-87-8819,965-87-8819,True,100.0
invoice_026.jpg,Gray,92.3,Seller IBAN,GB64NDCS47020318571282,GB64NDCS47020318571282,True,100.0
invoice_026.jpg,Gray,92.3,Net Worth,8415.08,8415.08,True,100.0
invoice_026.jpg,Gray,92.3,VAT,841.51,841.51,True,100.0
invoice_026.jpg,Gray,92.3,Gross Worth,9256.59,9256.59,True,100.0
invoice_026.jpg,Threshold,91.08,Invoice Number,51295021,51295021,True,100.0
invoice_026.jpg,Threshold,91.08,Invoice Date,01/05/2017,01/05/2017,True,100.0
invoice_026.jpg,Threshold,91.08,Seller Tax ID,922-88-3881,922-88-3881,True,100.0
invoice_026.jpg,Threshold,91.08,Client Tax ID,965-87-8819,965-87-8819,True,100.0
invoice_026.jpg,Threshold,91.08,Seller IBAN,GB64NDCS47020318571282,GB64NDCS47020318571282,True,100.0
invoice_026.jpg,Threshold,91.08,Net Worth,8415.08,8415.08,True,100.0
invoice_026.jpg,Threshold,91.08,VAT,841.51,841.51,True,100.0
invoice_026.jpg,Threshold,91.08,Gross Worth,9256.59,9256.59,True,100.0
invoice_026.jpg,Adaptive,48.83,Invoice Number,51295021,,False,0.0
invoice_026.jpg,Adaptive,48.83,Invoice Date,01/05/2017,,False,0.0
invoice_026.jpg,Adaptive,48.83,Seller Tax ID,922-88-3881,,False,0.0
invoice_026.jpg,Adaptive,48.83,Client Tax ID,965-87-8819,,False,0.0
invoice_026.jpg,Adaptive,48.83,Seller IBAN,GB64NDCS47020318571282,,False,0.0
invoice_026.jpg,Adaptive,48.83,Net Worth,8415.08,,False,0.0
invoice_026.jpg,Adaptive,48.83,VAT,841.51,,False,0.0
invoice_026.jpg,Adaptive,48.83,Gross Worth,9256.59,,False,0.0
invoice_026.jpg,Denoise,92.08,Invoice Number,51295021,51295021,True,100.0
invoice_026.jpg,Denoise,92.08,Invoice Date,01/05/2017,01/05/2017,True,100.0
invoice_026.jpg,Denoise,92.08,Seller Tax ID,922-88-3881,922-88-3881,True,100.0
invoice_026.jpg,Denoise,92.08,Client Tax ID,965-87-8819,965-87-8819,True,100.0
invoice_026.jpg,Denoise,92.08,Seller IBAN,GB64NDCS47020318571282,GB64NDCS47020318571282,True,100.0
invoice_026.jpg,Denoise,92.08,Net Worth,8415.08,8415.08,True,100.0
invoice_026.jpg,Denoise,92.08,VAT,841.51,841.51,True,100.0
invoice_026.jpg,Denoise,92.08,Gross Worth,9256.59,9256.59,True,100.0
invoice_026.jpg,Resize,93.71,Invoice Number,51295021,51295021,True,100.0
invoice_026.jpg,Resize,93.71,Invoice Date,01/05/2017,01/05/2017,True,100.0
invoice_026.jpg,Resize,93.71,Seller Tax ID,922-88-3881,922-88-3881,True,100.0
invoice_026.jpg,Resize,93.71,Client Tax ID,965-87-8819,965-87-8819,True,100.0
invoice_026.jpg,Resize,93.71,Seller IBAN,GB64NDCS47020318571282,GB64NDCS47020318571282,True,100.0
invoice_026.jpg,Resize,93.71,Net Worth,8415.08,8415.08,True,100.0
invoice_026.jpg,Resize,93.71,VAT,841.51,841.51,True,100.0
invoice_026.jpg,Resize,93.71,Gross Worth,9256.59,9256.59,True,100.0
invoice_026.jpg,Sharpen,87.47,Invoice Number,51295021,51295021,True,100.0
invoice_026.jpg,Sharpen,87.47,Invoice Date,01/05/2017,01/05/2017,True,100.0
invoice_026.jpg,Sharpen,87.47,Seller Tax ID,922-88-3881,922-88-3881,True,100.0
invoice_026.jpg,Sharpen,87.47,Client Tax ID,965-87-8819,965-87-8819,True,100.0
invoice_026.jpg,Sharpen,87.47,Seller IBAN,GB64NDCS47020318571282,GB64NDCS47020318571282,True,100.0
invoice_026.jpg,Sharpen,87.47,Net Worth,8415.08,8415.08,True,100.0
invoice_026.jpg,Sharpen,87.47,VAT,841.51,841.51,True,100.0
invoice_026.jpg,Sharpen,87.47,Gross Worth,9256.59,9256.59,True,100.0
invoice_027.jpg,Original,91.94,Invoice Number,22083742,22083742,True,100.0
invoice_027.jpg,Original,91.94,Invoice Date,03/01/2014,03/01/2014,True,100.0
invoice_027.jpg,Original,91.94,Seller Tax ID,902-72-8574,902-72-8574,True,100.0
invoice_027.jpg,Original,91.94,Client Tax ID,934-70-6847,934-70-6847,True,100.0
invoice_027.jpg,Original,91.94,Seller IBAN,GB62IACN00896958403438,GB62IACN00896958403438,True,100.0
invoice_027.jpg,Original,91.94,Net Worth,7200.00,7200.00,True,100.0
invoice_027.jpg,Original,91.94,VAT,720.00,720.00,True,100.0
invoice_027.jpg,Original,91.94,Gross Worth,7920.00,7920.00,True,100.0
invoice_027.jpg,Gray,91.94,Invoice Number,22083742,22083742,True,100.0
invoice_027.jpg,Gray,91.94,Invoice Date,03/01/2014,03/01/2014,True,100.0
invoice_027.jpg,Gray,91.94,Seller Tax ID,902-72-8574,902-72-8574,True,100.0
invoice_027.jpg,Gray,91.94,Client Tax ID,934-70-6847,934-70-6847,True,100.0
invoice_027.jpg,Gray,91.94,Seller IBAN,GB62IACN00896958403438,GB62IACN00896958403438,True,100.0
invoice_027.jpg,Gray,91.94,Net Worth,7200.00,7200.00,True,100.0
invoice_027.jpg,Gray,91.94,VAT,720.00,720.00,True,100.0
invoice_027.jpg,Gray,91.94,Gross Worth,7920.00,7920.00,True,100.0
invoice_027.jpg,Threshold,87.29,Invoice Number,22083742,22083742,True,100.0
invoice_027.jpg,Threshold,87.29,Invoice Date,03/01/2014,03/01/2014,True,100.0
invoice_027.jpg,Threshold,87.29,Seller Tax ID,902-72-8574,902-72-8574,True,100.0
invoice_027.jpg,Threshold,87.29,Client Tax ID,934-70-6847,934-70-6847,True,100.0
invoice_027.jpg,Threshold,87.29,Seller IBAN,GB62IACN00896958403438,GB62IACN00896958403438,True,100.0
invoice_027.jpg,Threshold,87.29,Net Worth,7200.00,7200.00,True,100.0
invoice_027.jpg,Threshold,87.29,VAT,720.00,720.00,True,100.0
invoice_027.jpg,Threshold,87.29,Gross Worth,7920.00,7920.00,True,100.0
invoice_027.jpg,Adaptive,56.1,Invoice Number,22083742,,False,0.0
invoice_027.jpg,Adaptive,56.1,Invoice Date,03/01/2014,,False,0.0
invoice_027.jpg,Adaptive,56.1,Seller Tax ID,902-72-8574,902-72-8574,True,100.0
invoice_027.jpg,Adaptive,56.1,Client Tax ID,934-70-6847,,False,0.0
invoice_027.jpg,Adaptive,56.1,Seller IBAN,GB62IACN00896958403438,GB62IACN00896958403438,True,100.0
invoice_027.jpg,Adaptive,56.1,Net Worth,7200.00,,False,0.0
invoice_027.jpg,Adaptive,56.1,VAT,720.00,,False,0.0
invoice_027.jpg,Adaptive,56.1,Gross Worth,7920.00,,False,0.0
invoice_027.jpg,Denoise,92.09,Invoice Number,22083742,22083742,True,100.0
invoice_027.jpg,Denoise,92.09,Invoice Date,03/01/2014,03/01/2014,True,100.0
invoice_027.jpg,Denoise,92.09,Seller Tax ID,902-72-8574,902-72-8574,True,100.0
invoice_027.jpg,Denoise,92.09,Client Tax ID,934-70-6847,934-70-6847,True,100.0
invoice_027.jpg,Denoise,92.09,Seller IBAN,GB62IACN00896958403438,GB62IACN00896958403438,True,100.0
invoice_027.jpg,Denoise,92.09,Net Worth,7200.00,7200.00,True,100.0
invoice_027.jpg,Denoise,92.09,VAT,720.00,720.00,True,100.0
invoice_027.jpg,Denoise,92.09,Gross Worth,7920.00,7920.00,True,100.0
invoice_027.jpg,Resize,93.76,Invoice Number,22083742,22083742,True,100.0
invoice_027.jpg,Resize,93.76,Invoice Date,03/01/2014,03/01/2014,True,100.0
invoice_027.jpg,Resize,93.76,Seller Tax ID,902-72-8574,902-72-8574,True,100.0
invoice_027.jpg,Resize,93.76,Client Tax ID,934-70-6847,934-70-6847,True,100.0
invoice_027.jpg,Resize,93.76,Seller IBAN,GB62IACN00896958403438,GB62IACN00896958403438,True,100.0
invoice_027.jpg,Resize,93.76,Net Worth,7200.00,7200.00,True,100.0
invoice_027.jpg,Resize,93.76,VAT,720.00,720.00,True,100.0
invoice_027.jpg,Resize,93.76,Gross Worth,7920.00,7920.00,True,100.0
invoice_027.jpg,Sharpen,92.38,Invoice Number,22083742,22083742,True,100.0
invoice_027.jpg,Sharpen,92.38,Invoice Date,03/01/2014,03/01/2014,True,100.0
invoice_027.jpg,Sharpen,92.38,Seller Tax ID,902-72-8574,902-72-8574,True,100.0
invoice_027.jpg,Sharpen,92.38,Client Tax ID,934-70-6847,934-70-6847,True,100.0
invoice_027.jpg,Sharpen,92.38,Seller IBAN,GB62IACN00896958403438,GB62IACN00896958403438,True,100.0
invoice_027.jpg,Sharpen,92.38,Net Worth,7200.00,7200.00,True,100.0
invoice_027.jpg,Sharpen,92.38,VAT,720.00,720.00,True,100.0
invoice_027.jpg,Sharpen,92.38,Gross Worth,7920.00,7920.00,True,100.0
invoice_028.jpg,Original,93.47,Invoice Number,98858130,98858130,True,100.0
invoice_028.jpg,Original,93.47,Invoice Date,01/28/2021,01/28/2021,True,100.0
invoice_028.jpg,Original,93.47,Seller Tax ID,969-72-5121,969-72-5121,True,100.0
invoice_028.jpg,Original,93.47,Client Tax ID,941-88-5692,941-88-5692,True,100.0
invoice_028.jpg,Original,93.47,Seller IBAN,GB210JGQ49248059733020,GB210JGQ49248059733020,True,100.0
invoice_028.jpg,Original,93.47,Net Worth,401.88,401.88,True,100.0
invoice_028.jpg,Original,93.47,VAT,40.19,40.19,True,100.0
invoice_028.jpg,Original,93.47,Gross Worth,442.07,442.07,True,100.0
invoice_028.jpg,Gray,93.47,Invoice Number,98858130,98858130,True,100.0
invoice_028.jpg,Gray,93.47,Invoice Date,01/28/2021,01/28/2021,True,100.0
invoice_028.jpg,Gray,93.47,Seller Tax ID,969-72-5121,969-72-5121,True,100.0
invoice_028.jpg,Gray,93.47,Client Tax ID,941-88-5692,941-88-5692,True,100.0
invoice_028.jpg,Gray,93.47,Seller IBAN,GB210JGQ49248059733020,GB210JGQ49248059733020,True,100.0
invoice_028.jpg,Gray,93.47,Net Worth,401.88,401.88,True,100.0
invoice_028.jpg,Gray,93.47,VAT,40.19,40.19,True,100.0
invoice_028.jpg,Gray,93.47,Gross Worth,442.07,442.07,True,100.0
invoice_028.jpg,Threshold,93.41,Invoice Number,98858130,98858130,True,100.0
invoice_028.jpg,Threshold,93.41,Invoice Date,01/28/2021,01/28/2021,True,100.0
invoice_028.jpg,Threshold,93.41,Seller Tax ID,969-72-5121,969-72-5121,True,100.0
invoice_028.jpg,Threshold,93.41,Client Tax ID,941-88-5692,941-88-5692,True,100.0
invoice_028.jpg,Threshold,93.41,Seller IBAN,GB210JGQ49248059733020,,False,0.0
invoice_028.jpg,Threshold,93.41,Net Worth,401.88,401.88,True,100.0
invoice_028.jpg,Threshold,93.41,VAT,40.19,40.19,True,100.0
invoice_028.jpg,Threshold,93.41,Gross Worth,442.07,442.07,True,100.0
invoice_028.jpg,Adaptive,47.03,Invoice Number,98858130,98858130,True,100.0
invoice_028.jpg,Adaptive,47.03,Invoice Date,01/28/2021,,False,0.0
invoice_028.jpg,Adaptive,47.03,Seller Tax ID,969-72-5121,,False,0.0
invoice_028.jpg,Adaptive,47.03,Client Tax ID,941-88-5692,,False,0.0
invoice_028.jpg,Adaptive,47.03,Seller IBAN,GB210JGQ49248059733020,,False,0.0
invoice_028.jpg,Adaptive,47.03,Net Worth,401.88,401.88,True,100.0
invoice_028.jpg,Adaptive,47.03,VAT,40.19,40.19,True,100.0
invoice_028.jpg,Adaptive,47.03,Gross Worth,442.07,442.07,True,100.0
invoice_028.jpg,Denoise,93.53,Invoice Number,98858130,98858130,True,100.0
invoice_028.jpg,Denoise,93.53,Invoice Date,01/28/2021,01/28/2021,True,100.0
invoice_028.jpg,Denoise,93.53,Seller Tax ID,969-72-5121,969-72-5121,True,100.0
invoice_028.jpg,Denoise,93.53,Client Tax ID,941-88-5692,941-88-5692,True,100.0
invoice_028.jpg,Denoise,93.53,Seller IBAN,GB210JGQ49248059733020,GB210JGQ49248059733020,True,100.0
invoice_028.jpg,Denoise,93.53,Net Worth,401.88,401.88,True,100.0
invoice_028.jpg,Denoise,93.53,VAT,40.19,40.19,True,100.0
invoice_028.jpg,Denoise,93.53,Gross Worth,442.07,442.07,True,100.0
invoice_028.jpg,Resize,93.36,Invoice Number,98858130,98858130,True,100.0
invoice_028.jpg,Resize,93.36,Invoice Date,01/28/2021,01/28/2021,True,100.0
invoice_028.jpg,Resize,93.36,Seller Tax ID,969-72-5121,969-72-5121,True,100.0
invoice_028.jpg,Resize,93.36,Client Tax ID,941-88-5692,941-88-5692,True,100.0
invoice_028.jpg,Resize,93.36,Seller IBAN,GB210JGQ49248059733020,GB210JGQ49248059733020,True,100.0
invoice_028.jpg,Resize,93.36,Net Worth,401.88,401.88,True,100.0
invoice_028.jpg,Resize,93.36,VAT,40.19,40.19,True,100.0
invoice_028.jpg,Resize,93.36,Gross Worth,442.07,442.07,True,100.0
invoice_028.jpg,Sharpen,93.94,Invoice Number,98858130,98858130,True,100.0
invoice_028.jpg,Sharpen,93.94,Invoice Date,01/28/2021,01/28/2021,True,100.0
invoice_028.jpg,Sharpen,93.94,Seller Tax ID,969-72-5121,969-72-5121,True,100.0
invoice_028.jpg,Sharpen,93.94,Client Tax ID,941-88-5692,941-88-5692,True,100.0
invoice_028.jpg,Sharpen,93.94,Seller IBAN,GB210JGQ49248059733020,,False,0.0
invoice_028.jpg,Sharpen,93.94,Net Worth,401.88,401.88,True,100.0
invoice_028.jpg,Sharpen,93.94,VAT,40.19,40.19,True,100.0
invoice_028.jpg,Sharpen,93.94,Gross Worth,442.07,442.07,True,100.0
invoice_029.jpg,Original,93.43,Invoice Number,65028137,65028137,True,100.0
invoice_029.jpg,Original,93.43,Invoice Date,01/03/2014,01/03/2014,True,100.0
invoice_029.jpg,Original,93.43,Seller Tax ID,944-72-9866,944-72-9866,True,100.0
invoice_029.jpg,Original,93.43,Client Tax ID,988-84-2952,988-84-2952,True,100.0
invoice_029.jpg,Original,93.43,Seller IBAN,GB10AMVD30795287137531,GB10AMVD30795287137531,True,100.0
invoice_029.jpg,Original,93.43,Net Worth,89.95,89.95,True,100.0
invoice_029.jpg,Original,93.43,VAT,9.00,9.00,True,100.0
invoice_029.jpg,Original,93.43,Gross Worth,98.95,98.95,True,100.0
invoice_029.jpg,Gray,93.46,Invoice Number,65028137,65028137,True,100.0
invoice_029.jpg,Gray,93.46,Invoice Date,01/03/2014,01/03/2014,True,100.0
invoice_029.jpg,Gray,93.46,Seller Tax ID,944-72-9866,944-72-9866,True,100.0
invoice_029.jpg,Gray,93.46,Client Tax ID,988-84-2952,988-84-2952,True,100.0
invoice_029.jpg,Gray,93.46,Seller IBAN,GB10AMVD30795287137531,GB10AMVD30795287137531,True,100.0
invoice_029.jpg,Gray,93.46,Net Worth,89.95,89.95,True,100.0
invoice_029.jpg,Gray,93.46,VAT,9.00,9.00,True,100.0
invoice_029.jpg,Gray,93.46,Gross Worth,98.95,98.95,True,100.0
invoice_029.jpg,Threshold,94.16,Invoice Number,65028137,65028137,True,100.0
invoice_029.jpg,Threshold,94.16,Invoice Date,01/03/2014,01/03/2014,True,100.0
invoice_029.jpg,Threshold,94.16,Seller Tax ID,944-72-9866,944-72-9866,True,100.0
invoice_029.jpg,Threshold,94.16,Client Tax ID,988-84-2952,988-84-2952,True,100.0
invoice_029.jpg,Threshold,94.16,Seller IBAN,GB10AMVD30795287137531,GB10AMVD30795287137531,True,100.0
invoice_029.jpg,Threshold,94.16,Net Worth,89.95,89.95,True,100.0
invoice_029.jpg,Threshold,94.16,VAT,9.00,9.00,True,100.0
invoice_029.jpg,Threshold,94.16,Gross Worth,98.95,98.95,True,100.0
invoice_029.jpg,Adaptive,52.19,Invoice Number,65028137,65028137.,True,100.0
invoice_029.jpg,Adaptive,52.19,Invoice Date,01/03/2014,,False,0.0
invoice_029.jpg,Adaptive,52.19,Seller Tax ID,944-72-9866,988-84-2952,False,22.22
invoice_029.jpg,Adaptive,52.19,Client Tax ID,988-84-2952,,False,0.0
invoice_029.jpg,Adaptive,52.19,Seller IBAN,GB10AMVD30795287137531,,False,0.0
invoice_029.jpg,Adaptive,52.19,Net Worth,89.95,89.95,True,100.0
invoice_029.jpg,Adaptive,52.19,VAT,9.00,9.00,True,100.0
invoice_029.jpg,Adaptive,52.19,Gross Worth,98.95,98.95,True,100.0
invoice_029.jpg,Denoise,93.77,Invoice Number,65028137,65028137,True,100.0
invoice_029.jpg,Denoise,93.77,Invoice Date,01/03/2014,01/03/2014,True,100.0
invoice_029.jpg,Denoise,93.77,Seller Tax ID,944-72-9866,944-72-9866,True,100.0
invoice_029.jpg,Denoise,93.77,Client Tax ID,988-84-2952,988-84-2952,True,100.0
invoice_029.jpg,Denoise,93.77,Seller IBAN,GB10AMVD30795287137531,GB10AMVD30795287137531,True,100.0
invoice_029.jpg,Denoise,93.77,Net Worth,89.95,89.95,True,100.0
invoice_029.jpg,Denoise,93.77,VAT,9.00,9.00,True,100.0
invoice_029.jpg,Denoise,93.77,Gross Worth,98.95,98.95,True,100.0
invoice_029.jpg,Resize,93.87,Invoice Number,65028137,65028137,True,100.0
invoice_029.jpg,Resize,93.87,Invoice Date,01/03/2014,01/03/2014,True,100.0
invoice_029.jpg,Resize,93.87,Seller Tax ID,944-72-9866,944-72-9866,True,100.0
invoice_029.jpg,Resize,93.87,Client Tax ID,988-84-2952,988-84-2952,True,100.0
invoice_029.jpg,Resize,93.87,Seller IBAN,GB10AMVD30795287137531,GB10AMVD30795287137531,True,100.0
invoice_029.jpg,Resize,93.87,Net Worth,89.95,89.95,True,100.0
invoice_029.jpg,Resize,93.87,VAT,9.00,9.00,True,100.0
invoice_029.jpg,Resize,93.87,Gross Worth,98.95,98.95,True,100.0
invoice_029.jpg,Sharpen,94.03,Invoice Number,65028137,65028137,True,100.0
invoice_029.jpg,Sharpen,94.03,Invoice Date,01/03/2014,01/03/2014,True,100.0
invoice_029.jpg,Sharpen,94.03,Seller Tax ID,944-72-9866,944-72-9866,True,100.0
invoice_029.jpg,Sharpen,94.03,Client Tax ID,988-84-2952,988-84-2952,True,100.0
invoice_029.jpg,Sharpen,94.03,Seller IBAN,GB10AMVD30795287137531,GB10AMVD30795287137531,True,100.0
invoice_029.jpg,Sharpen,94.03,Net Worth,89.95,89.95,True,100.0
invoice_029.jpg,Sharpen,94.03,VAT,9.00,9.00,True,100.0
invoice_029.jpg,Sharpen,94.03,Gross Worth,98.95,98.95,True,100.0
invoice_030.jpg,Original,91.76,Invoice Number,15001300,15001300,True,100.0
invoice_030.jpg,Original,91.76,Invoice Date,02/18/2014,02/18/2014,True,100.0
invoice_030.jpg,Original,91.76,Seller Tax ID,929-82-4759,929-82-4759,True,100.0
invoice_030.jpg,Original,91.76,Client Tax ID,991-91-7229,991-91-7229,True,100.0
invoice_030.jpg,Original,91.76,Seller IBAN,GB32MKCO74382010852522,GB32MKCO74382010852522,True,100.0
invoice_030.jpg,Original,91.76,Net Worth,297.35,29.73,False,50.0
invoice_030.jpg,Original,91.76,VAT,29.73,297.35,False,50.0
invoice_030.jpg,Original,91.76,Gross Worth,327.08,29.73,False,33.33
invoice_030.jpg,Gray,91.76,Invoice Number,15001300,15001300,True,100.0
invoice_030.jpg,Gray,91.76,Invoice Date,02/18/2014,02/18/2014,True,100.0
invoice_030.jpg,Gray,91.76,Seller Tax ID,929-82-4759,929-82-4759,True,100.0
invoice_030.jpg,Gray,91.76,Client Tax ID,991-91-7229,991-91-7229,True,100.0
invoice_030.jpg,Gray,91.76,Seller IBAN,GB32MKCO74382010852522,GB32MKCO74382010852522,True,100.0
invoice_030.jpg,Gray,91.76,Net Worth,297.35,29.73,False,50.0
invoice_030.jpg,Gray,91.76,VAT,29.73,297.35,False,50.0
invoice_030.jpg,Gray,91.76,Gross Worth,327.08,29.73,False,33.33
invoice_030.jpg,Threshold,92.64,Invoice Number,15001300,15001300,True,100.0
invoice_030.jpg,Threshold,92.64,Invoice Date,02/18/2014,02/18/2014,True,100.0
invoice_030.jpg,Threshold,92.64,Seller Tax ID,929-82-4759,929-82-4759,True,100.0
invoice_030.jpg,Threshold,92.64,Client Tax ID,991-91-7229,991-91-7229,True,100.0
invoice_030.jpg,Threshold,92.64,Seller IBAN,GB32MKCO74382010852522,GB32MKCO74382010852522,True,100.0
invoice_030.jpg,Threshold,92.64,Net Worth,297.35,297.35,True,100.0
invoice_030.jpg,Threshold,92.64,VAT,29.73,29.73,True,100.0
invoice_030.jpg,Threshold,92.64,Gross Worth,327.08,327.08,True,100.0
invoice_030.jpg,Adaptive,48.14,Invoice Number,15001300,,False,0.0
invoice_030.jpg,Adaptive,48.14,Invoice Date,02/18/2014,,False,0.0
invoice_030.jpg,Adaptive,48.14,Seller Tax ID,929-82-4759,,False,0.0
invoice_030.jpg,Adaptive,48.14,Client Tax ID,991-91-7229,,False,0.0
invoice_030.jpg,Adaptive,48.14,Seller IBAN,GB32MKCO74382010852522,GB32MKCO74382010852522,True,100.0
invoice_030.jpg,Adaptive,48.14,Net Worth,297.35,1072530.75,False,30.0
invoice_030.jpg,Adaptive,48.14,VAT,29.73,33.83,False,40.0
invoice_030.jpg,Adaptive,48.14,Gross Worth,327.08,327.08,True,100.0
invoice_030.jpg,Denoise,92.56,Invoice Number,15001300,15001300,True,100.0
invoice_030.jpg,Denoise,92.56,Invoice Date,02/18/2014,02/18/2014,True,100.0
invoice_030.jpg,Denoise,92.56,Seller Tax ID,929-82-4759,929-82-4759,True,100.0
invoice_030.jpg,Denoise,92.56,Client Tax ID,991-91-7229,991-91-7229,True,100.0
invoice_030.jpg,Denoise,92.56,Seller IBAN,GB32MKCO74382010852522,GB32MKCO74382010852522,True,100.0
invoice_030.jpg,Denoise,92.56,Net Worth,297.35,29.73,False,50.0
invoice_030.jpg,Denoise,92.56,VAT,29.73,297.35,False,50.0
invoice_030.jpg,Denoise,92.56,Gross Worth,327.08,29.73,False,33.33
invoice_030.jpg,Resize,91.64,Invoice Number,15001300,15001300,True,100.0
invoice_030.jpg,Resize,91.64,Invoice Date,02/18/2014,02/18/2014,True,100.0
invoice_030.jpg,Resize,91.64,Seller Tax ID,929-82-4759,929-82-4759,True,100.0
invoice_030.jpg,Resize,91.64,Client Tax ID,991-91-7229,991-91-7229,True,100.0
invoice_030.jpg,Resize,91.64,Seller IBAN,GB32MKCO74382010852522,GB32MKCO74382010852522,True,100.0
invoice_030.jpg,Resize,91.64,Net Worth,297.35,29.75,False,66.67
invoice_030.jpg,Resize,91.64,VAT,29.73,297.35,False,50.0
invoice_030.jpg,Resize,91.64,Gross Worth,327.08,29.73,False,33.33
invoice_030.jpg,Sharpen,79.11,Invoice Number,15001300,15001300,True,100.0
invoice_030.jpg,Sharpen,79.11,Invoice Date,02/18/2014,02/18/2014,True,100.0
invoice_030.jpg,Sharpen,79.11,Seller Tax ID,929-82-4759,929-82-4759,True,100.0
invoice_030.jpg,Sharpen,79.11,Client Tax ID,991-91-7229,991-91-7229,True,100.0
invoice_030.jpg,Sharpen,79.11,Seller IBAN,GB32MKCO74382010852522,GB32MKCO74382010852522,True,100.0
invoice_030.jpg,Sharpen,79.11,Net Worth,297.35,297.35,True,100.0
invoice_030.jpg,Sharpen,79.11,VAT,29.73,29.73,True,100.0
invoice_030.jpg,Sharpen,79.11,Gross Worth,327.08,327.08,True,100.0
invoice_031.jpg,Original,93.97,Invoice Number,33102457,33102457,True,100.0
invoice_031.jpg,Original,93.97,Invoice Date,09/18/2018,09/18/2018,True,100.0
invoice_031.jpg,Original,93.97,Seller Tax ID,937-81-0462,937-81-0462,True,100.0
invoice_031.jpg,Original,93.97,Client Tax ID,974-83-3645,974-83-3645,True,100.0
invoice_031.jpg,Original,93.97,Seller IBAN,GB42MQKW89908599665710,GB42MQKW89908599665710,True,100.0
invoice_031.jpg,Original,93.97,Net Worth,16619.31,16619.31,True,100.0
invoice_031.jpg,Original,93.97,VAT,1661.93,1661.93,True,100.0
invoice_031.jpg,Original,93.97,Gross Worth,18281.24,18281.24,True,100.0
invoice_031.jpg,Gray,93.97,Invoice Number,33102457,33102457,True,100.0
invoice_031.jpg,Gray,93.97,Invoice Date,09/18/2018,09/18/2018,True,100.0
invoice_031.jpg,Gray,93.97,Seller Tax ID,937-81-0462,937-81-0462,True,100.0
invoice_031.jpg,Gray,93.97,Client Tax ID,974-83-3645,974-83-3645,True,100.0
invoice_031.jpg,Gray,93.97,Seller IBAN,GB42MQKW89908599665710,GB42MQKW89908599665710,True,100.0
invoice_031.jpg,Gray,93.97,Net Worth,16619.31,16619.31,True,100.0
invoice_031.jpg,Gray,93.97,VAT,1661.93,1661.93,True,100.0
invoice_031.jpg,Gray,93.97,Gross Worth,18281.24,18281.24,True,100.0
invoice_031.jpg,Threshold,93.2,Invoice Number,33102457,33102457,True,100.0
invoice_031.jpg,Threshold,93.2,Invoice Date,09/18/2018,09/18/2018,True,100.0
invoice_031.jpg,Threshold,93.2,Seller Tax ID,937-81-0462,937-81-0462,True,100.0
invoice_031.jpg,Threshold,93.2,Client Tax ID,974-83-3645,974-83-3645,True,100.0
invoice_031.jpg,Threshold,93.2,Seller IBAN,GB42MQKW89908599665710,GB42MQKW89908599665710,True,100.0
invoice_031.jpg,Threshold,93.2,Net Worth,16619.31,16619.31,True,100.0
invoice_031.jpg,Threshold,93.2,VAT,1661.93,1661.93,True,100.0
invoice_031.jpg,Threshold,93.2,Gross Worth,18281.24,18281.24,True,100.0
invoice_031.jpg,Adaptive,49.78,Invoice Number,33102457,,False,0.0
invoice_031.jpg,Adaptive,49.78,Invoice Date,09/18/2018,,False,0.0
invoice_031.jpg,Adaptive,49.78,Seller Tax ID,937-81-0462,937-81-0462,True,100.0
invoice_031.jpg,Adaptive,49.78,Client Tax ID,974-83-3645,974-83-3645,True,100.0
invoice_031.jpg,Adaptive,49.78,Seller IBAN,GB42MQKW89908599665710,GB42MQKW89908599665710,True,100.0
invoice_031.jpg,Adaptive,49.78,Net Worth,16619.31,24.00,False,12.5
invoice_031.jpg,Adaptive,49.78,VAT,1661.93,1.66,False,28.57
invoice_031.jpg,Adaptive,49.78,Gross Worth,18281.24,1.93,False,25.0
invoice_031.jpg,Denoise,94.05,Invoice Number,33102457,33102457,True,100.0
invoice_031.jpg,Denoise,94.05,Invoice Date,09/18/2018,09/18/2018,True,100.0
invoice_031.jpg,Denoise,94.05,Seller Tax ID,937-81-0462,937-81-0462,True,100.0
invoice_031.jpg,Denoise,94.05,Client Tax ID,974-83-3645,974-83-3645,True,100.0
invoice_031.jpg,Denoise,94.05,Seller IBAN,GB42MQKW89908599665710,GB42MQKW89908599665710,True,100.0
invoice_031.jpg,Denoise,94.05,Net Worth,16619.31,16619.31,True,100.0
invoice_031.jpg,Denoise,94.05,VAT,1661.93,1661.93,True,100.0
invoice_031.jpg,Denoise,94.05,Gross Worth,18281.24,18281.24,True,100.0
invoice_031.jpg,Resize,93.83,Invoice Number,33102457,33102457,True,100.0
invoice_031.jpg,Resize,93.83,Invoice Date,09/18/2018,09/18/2018,True,100.0
invoice_031.jpg,Resize,93.83,Seller Tax ID,937-81-0462,937-81-0462,True,100.0
invoice_031.jpg,Resize,93.83,Client Tax ID,974-83-3645,974-83-3645,True,100.0
invoice_031.jpg,Resize,93.83,Seller IBAN,GB42MQKW89908599665710,GB42MQKW89908599665710,True,100.0
invoice_031.jpg,Resize,93.83,Net Worth,16619.31,16619.31,True,100.0
invoice_031.jpg,Resize,93.83,VAT,1661.93,1661.93,True,100.0
invoice_031.jpg,Resize,93.83,Gross Worth,18281.24,18281.24,True,100.0
invoice_031.jpg,Sharpen,92.43,Invoice Number,33102457,33102457,True,100.0
invoice_031.jpg,Sharpen,92.43,Invoice Date,09/18/2018,09/18/2018,True,100.0
invoice_031.jpg,Sharpen,92.43,Seller Tax ID,937-81-0462,937-81-0462,True,100.0
invoice_031.jpg,Sharpen,92.43,Client Tax ID,974-83-3645,974-83-3645,True,100.0
invoice_031.jpg,Sharpen,92.43,Seller IBAN,GB42MQKW89908599665710,GB42MQKW89908599665710,True,100.0
invoice_031.jpg,Sharpen,92.43,Net Worth,16619.31,16619.31,True,100.0
invoice_031.jpg,Sharpen,92.43,VAT,1661.93,1661.93,True,100.0
invoice_031.jpg,Sharpen,92.43,Gross Worth,18281.24,18281.24,True,100.0
invoice_032.jpg,Original,88.6,Invoice Number,37877758,37877758,True,100.0
invoice_032.jpg,Original,88.6,Invoice Date,07/02/2014,07/02/2014,True,100.0
invoice_032.jpg,Original,88.6,Seller Tax ID,945-75-6162,945-75-6162,True,100.0
invoice_032.jpg,Original,88.6,Client Tax ID,953-92-4049,953-92-4049,True,100.0
invoice_032.jpg,Original,88.6,Seller IBAN,GB81XDRW19367191324873,GB81XDRW19367191324873,True,100.0
invoice_032.jpg,Original,88.6,Net Worth,43018.47,43018.47,True,100.0
invoice_032.jpg,Original,88.6,VAT,4301.85,4301.85,True,100.0
invoice_032.jpg,Original,88.6,Gross Worth,47320.32,47320.32,True,100.0
invoice_032.jpg,Gray,88.59,Invoice Number,37877758,37877758,True,100.0
invoice_032.jpg,Gray,88.59,Invoice Date,07/02/2014,07/02/2014,True,100.0
invoice_032.jpg,Gray,88.59,Seller Tax ID,945-75-6162,945-75-6162,True,100.0
invoice_032.jpg,Gray,88.59,Client Tax ID,953-92-4049,953-92-4049,True,100.0
invoice_032.jpg,Gray,88.59,Seller IBAN,GB81XDRW19367191324873,GB81XDRW19367191324873,True,100.0
invoice_032.jpg,Gray,88.59,Net Worth,43018.47,43018.47,True,100.0
invoice_032.jpg,Gray,88.59,VAT,4301.85,4301.85,True,100.0
invoice_032.jpg,Gray,88.59,Gross Worth,47320.32,47320.32,True,100.0
invoice_032.jpg,Threshold,91.29,Invoice Number,37877758,37877758,True,100.0
invoice_032.jpg,Threshold,91.29,Invoice Date,07/02/2014,07/02/2014,True,100.0
invoice_032.jpg,Threshold,91.29,Seller Tax ID,945-75-6162,945-75-6162,True,100.0
invoice_032.jpg,Threshold,91.29,Client Tax ID,953-92-4049,953-92-4049,True,100.0
invoice_032.jpg,Threshold,91.29,Seller IBAN,GB81XDRW19367191324873,GB81XDRW19367191324873,True,100.0
invoice_032.jpg,Threshold,91.29,Net Worth,43018.47,43018.47,True,100.0
invoice_032.jpg,Threshold,91.29,VAT,4301.85,4301.85,True,100.0
invoice_032.jpg,Threshold,91.29,Gross Worth,47320.32,47320.32,True,100.0
invoice_032.jpg,Adaptive,53.07,Invoice Number,37877758,,False,0.0
invoice_032.jpg,Adaptive,53.07,Invoice Date,07/02/2014,,False,0.0
invoice_032.jpg,Adaptive,53.07,Seller Tax ID,945-75-6162,945-75-6162,True,100.0
invoice_032.jpg,Adaptive,53.07,Client Tax ID,953-92-4049,953-92-4049,True,100.0
invoice_032.jpg,Adaptive,53.07,Seller IBAN,GB81XDRW19367191324873,GB81XDRW19367191324873,True,100.0
invoice_032.jpg,Adaptive,53.07,Net Worth,43018.47,4.30,False,25.0
invoice_032.jpg,Adaptive,53.07,VAT,4301.85,1.85,False,57.14
invoice_032.jpg,Adaptive,53.07,Gross Worth,47320.32,320.32,False,75.0
invoice_032.jpg,Denoise,89.2,Invoice Number,37877758,37877758,True,100.0
invoice_032.jpg,Denoise,89.2,Invoice Date,07/02/2014,07/02/2014,True,100.0
invoice_032.jpg,Denoise,89.2,Seller Tax ID,945-75-6162,945-75-6162,True,100.0
invoice_032.jpg,Denoise,89.2,Client Tax ID,953-92-4049,953-92-4049,True,100.0
invoice_032.jpg,Denoise,89.2,Seller IBAN,GB81XDRW19367191324873,GB81XDRW19367191324873,True,100.0
invoice_032.jpg,Denoise,89.2,Net Worth,43018.47,43018.47,True,100.0
invoice_032.jpg,Denoise,89.2,VAT,4301.85,4301.85,True,100.0
invoice_032.jpg,Denoise,89.2,Gross Worth,47320.32,47320.32,True,100.0
invoice_032.jpg,Resize,93.66,Invoice Number,37877758,37877758,True,100.0
invoice_032.jpg,Resize,93.66,Invoice Date,07/02/2014,07/02/2014,True,100.0
invoice_032.jpg,Resize,93.66,Seller Tax ID,945-75-6162,945-75-6162,True,100.0
invoice_032.jpg,Resize,93.66,Client Tax ID,953-92-4049,953-92-4049,True,100.0
invoice_032.jpg,Resize,93.66,Seller IBAN,GB81XDRW19367191324873,GB81XDRW19367191324873,True,100.0
invoice_032.jpg,Resize,93.66,Net Worth,43018.47,43018.47,True,100.0
invoice_032.jpg,Resize,93.66,VAT,4301.85,4301.85,True,100.0
invoice_032.jpg,Resize,93.66,Gross Worth,47320.32,47320.32,True,100.0
invoice_032.jpg,Sharpen,90.46,Invoice Number,37877758,37877758,True,100.0
invoice_032.jpg,Sharpen,90.46,Invoice Date,07/02/2014,07/02/2014,True,100.0
invoice_032.jpg,Sharpen,90.46,Seller Tax ID,945-75-6162,945-75-6162,True,100.0
invoice_032.jpg,Sharpen,90.46,Client Tax ID,953-92-4049,953-92-4049,True,100.0
invoice_032.jpg,Sharpen,90.46,Seller IBAN,GB81XDRW19367191324873,GB81XDRW19367191324873,True,100.0
invoice_032.jpg,Sharpen,90.46,Net Worth,43018.47,43018.47,True,100.0
invoice_032.jpg,Sharpen,90.46,VAT,4301.85,4301.85,True,100.0
invoice_032.jpg,Sharpen,90.46,Gross Worth,47320.32,47320.32,True,100.0
invoice_033.jpg,Original,88.55,Invoice Number,96430839,96430839,True,100.0
invoice_033.jpg,Original,88.55,Invoice Date,01/13/2019,01/13/2019,True,100.0
invoice_033.jpg,Original,88.55,Seller Tax ID,971-80-5191,971-80-5191,True,100.0
invoice_033.jpg,Original,88.55,Client Tax ID,934-91-7455,934-91-7455,True,100.0
invoice_033.jpg,Original,88.55,Seller IBAN,GB9ORYME18980824175499,,False,0.0
invoice_033.jpg,Original,88.55,Net Worth,4507.42,4507.42,True,100.0
invoice_033.jpg,Original,88.55,VAT,450.74,450.74,True,100.0
invoice_033.jpg,Original,88.55,Gross Worth,4958.16,4958.16,True,100.0
invoice_033.jpg,Gray,88.58,Invoice Number,96430839,96430839,True,100.0
invoice_033.jpg,Gray,88.58,Invoice Date,01/13/2019,01/13/2019,True,100.0
invoice_033.jpg,Gray,88.58,Seller Tax ID,971-80-5191,971-80-5191,True,100.0
invoice_033.jpg,Gray,88.58,Client Tax ID,934-91-7455,934-91-7455,True,100.0
invoice_033.jpg,Gray,88.58,Seller IBAN,GB9ORYME18980824175499,,False,0.0
invoice_033.jpg,Gray,88.58,Net Worth,4507.42,4507.42,True,100.0
invoice_033.jpg,Gray,88.58,VAT,450.74,450.74,True,100.0
invoice_033.jpg,Gray,88.58,Gross Worth,4958.16,4958.16,True,100.0
invoice_033.jpg,Threshold,89.52,Invoice Number,96430839,96430839,True,100.0
invoice_033.jpg,Threshold,89.52,Invoice Date,01/13/2019,01/13/2019,True,100.0
invoice_033.jpg,Threshold,89.52,Seller Tax ID,971-80-5191,971-80-5191,True,100.0
invoice_033.jpg,Threshold,89.52,Client Tax ID,934-91-7455,934-91-7455,True,100.0
invoice_033.jpg,Threshold,89.52,Seller IBAN,GB9ORYME18980824175499,,False,0.0
invoice_033.jpg,Threshold,89.52,Net Worth,4507.42,4507.42,True,100.0
invoice_033.jpg,Threshold,89.52,VAT,450.74,450.74,True,100.0
invoice_033.jpg,Threshold,89.52,Gross Worth,4958.16,4958.16,True,100.0
invoice_033.jpg,Adaptive,19.49,Invoice Number,96430839,,False,0.0
invoice_033.jpg,Adaptive,19.49,Invoice Date,01/13/2019,,False,0.0
invoice_033.jpg,Adaptive,19.49,Seller Tax ID,971-80-5191,,False,0.0
invoice_033.jpg,Adaptive,19.49,Client Tax ID,934-91-7455,,False,0.0
invoice_033.jpg,Adaptive,19.49,Seller IBAN,GB9ORYME18980824175499,,False,0.0
invoice_033.jpg,Adaptive,19.49,Net Worth,4507.42,,False,0.0
invoice_033.jpg,Adaptive,19.49,VAT,450.74,,False,0.0
invoice_033.jpg,Adaptive,19.49,Gross Worth,4958.16,,False,0.0
invoice_033.jpg,Denoise,88.38,Invoice Number,96430839,96430839,True,100.0
invoice_033.jpg,Denoise,88.38,Invoice Date,01/13/2019,01/13/2019,True,100.0
invoice_033.jpg,Denoise,88.38,Seller Tax ID,971-80-5191,971-80-5191,True,100.0
invoice_033.jpg,Denoise,88.38,Client Tax ID,934-91-7455,934-91-7455,True,100.0
invoice_033.jpg,Denoise,88.38,Seller IBAN,GB9ORYME18980824175499,,False,0.0
invoice_033.jpg,Denoise,88.38,Net Worth,4507.42,4507.42,True,100.0
invoice_033.jpg,Denoise,88.38,VAT,450.74,450.74,True,100.0
invoice_033.jpg,Denoise,88.38,Gross Worth,4958.16,4958.16,True,100.0
invoice_033.jpg,Resize,92.32,Invoice Number,96430839,96430839,True,100.0
invoice_033.jpg,Resize,92.32,Invoice Date,01/13/2019,01/13/2019,True,100.0
invoice_033.jpg,Resize,92.32,Seller Tax ID,971-80-5191,971-80-5191,True,100.0
invoice_033.jpg,Resize,92.32,Client Tax ID,934-91-7455,934-91-7455,True,100.0
invoice_033.jpg,Resize,92.32,Seller IBAN,GB9ORYME18980824175499,,False,0.0
invoice_033.jpg,Resize,92.32,Net Worth,4507.42,4507.42,True,100.0
invoice_033.jpg,Resize,92.32,VAT,450.74,450.74,True,100.0
invoice_033.jpg,Resize,92.32,Gross Worth,4958.16,4958.16,True,100.0
invoice_033.jpg,Sharpen,74.22,Invoice Number,96430839,96430839,True,100.0
invoice_033.jpg,Sharpen,74.22,Invoice Date,01/13/2019,01/13/2019,True,100.0
invoice_033.jpg,Sharpen,74.22,Seller Tax ID,971-80-5191,971-80-5191,True,100.0
invoice_033.jpg,Sharpen,74.22,Client Tax ID,934-91-7455,934-91-7455,True,100.0
invoice_033.jpg,Sharpen,74.22,Seller IBAN,GB9ORYME18980824175499,,False,0.0
invoice_033.jpg,Sharpen,74.22,Net Worth,4507.42,4507.42,True,100.0
invoice_033.jpg,Sharpen,74.22,VAT,450.74,450.74,True,100.0
invoice_033.jpg,Sharpen,74.22,Gross Worth,4958.16,4958.16,True,100.0
invoice_034.jpg,Original,92.72,Invoice Number,56908352,56908352,True,100.0
invoice_034.jpg,Original,92.72,Invoice Date,01/11/2015,01/11/2015,True,100.0
invoice_034.jpg,Original,92.72,Seller Tax ID,914-76-8473,914-76-8473,True,100.0
invoice_034.jpg,Original,92.72,Client Tax ID,904-76-9217,904-76-9217,True,100.0
invoice_034.jpg,Original,92.72,Seller IBAN,GB68RRBM34982962207975,GB68RRBM34982962207975,True,100.0
invoice_034.jpg,Original,92.72,Net Worth,171.01,171.01,True,100.0
invoice_034.jpg,Original,92.72,VAT,17.10,17.10,True,100.0
invoice_034.jpg,Original,92.72,Gross Worth,188.11,188.11,True,100.0
invoice_034.jpg,Gray,92.68,Invoice Number,56908352,56908352,True,100.0
invoice_034.jpg,Gray,92.68,Invoice Date,01/11/2015,01/11/2015,True,100.0
invoice_034.jpg,Gray,92.68,Seller Tax ID,914-76-8473,914-76-8473,True,100.0
invoice_034.jpg,Gray,92.68,Client Tax ID,904-76-9217,904-76-9217,True,100.0
invoice_034.jpg,Gray,92.68,Seller IBAN,GB68RRBM34982962207975,GB68RRBM34982962207975,True,100.0
invoice_034.jpg,Gray,92.68,Net Worth,171.01,171.01,True,100.0
invoice_034.jpg,Gray,92.68,VAT,17.10,17.10,True,100.0
invoice_034.jpg,Gray,92.68,Gross Worth,188.11,188.11,True,100.0
invoice_034.jpg,Threshold,92.91,Invoice Number,56908352,56908352,True,100.0
invoice_034.jpg,Threshold,92.91,Invoice Date,01/11/2015,01/11/2015,True,100.0
invoice_034.jpg,Threshold,92.91,Seller Tax ID,914-76-8473,914-76-8473,True,100.0
invoice_034.jpg,Threshold,92.91,Client Tax ID,904-76-9217,904-76-9217,True,100.0
invoice_034.jpg,Threshold,92.91,Seller IBAN,GB68RRBM34982962207975,GB68RRBM34982962207975,True,100.0
invoice_034.jpg,Threshold,92.91,Net Worth,171.01,171.01,True,100.0
invoice_034.jpg,Threshold,92.91,VAT,17.10,17.10,True,100.0
invoice_034.jpg,Threshold,92.91,Gross Worth,188.11,188.11,True,100.0
invoice_034.jpg,Adaptive,18.56,Invoice Number,56908352,,False,0.0
invoice_034.jpg,Adaptive,18.56,Invoice Date,01/11/2015,,False,0.0
invoice_034.jpg,Adaptive,18.56,Seller Tax ID,914-76-8473,,False,0.0
invoice_034.jpg,Adaptive,18.56,Client Tax ID,904-76-9217,,False,0.0
invoice_034.jpg,Adaptive,18.56,Seller IBAN,GB68RRBM34982962207975,,False,0.0
invoice_034.jpg,Adaptive,18.56,Net Worth,171.01,,False,0.0
invoice_034.jpg,Adaptive,18.56,VAT,17.10,,False,0.0
invoice_034.jpg,Adaptive,18.56,Gross Worth,188.11,,False,0.0
invoice_034.jpg,Denoise,93.34,Invoice Number,56908352,56908352,True,100.0
invoice_034.jpg,Denoise,93.34,Invoice Date,01/11/2015,01/11/2015,True,100.0
invoice_034.jpg,Denoise,93.34,Seller Tax ID,914-76-8473,914-76-8473,True,100.0
invoice_034.jpg,Denoise,93.34,Client Tax ID,904-76-9217,904-76-9217,True,100.0
invoice_034.jpg,Denoise,93.34,Seller IBAN,GB68RRBM34982962207975,GB68RRBM34982962207975,True,100.0
invoice_034.jpg,Denoise,93.34,Net Worth,171.01,171.01,True,100.0
invoice_034.jpg,Denoise,93.34,VAT,17.10,17.10,True,100.0
invoice_034.jpg,Denoise,93.34,Gross Worth,188.11,188.11,True,100.0
invoice_034.jpg,Resize,93.71,Invoice Number,56908352,56908352,True,100.0
invoice_034.jpg,Resize,93.71,Invoice Date,01/11/2015,01/11/2015,True,100.0
invoice_034.jpg,Resize,93.71,Seller Tax ID,914-76-8473,914-76-8473,True,100.0
invoice_034.jpg,Resize,93.71,Client Tax ID,904-76-9217,904-76-9217,True,100.0
invoice_034.jpg,Resize,93.71,Seller IBAN,GB68RRBM34982962207975,GB68RRBM34982962207975,True,100.0
invoice_034.jpg,Resize,93.71,Net Worth,171.01,171.01,True,100.0
invoice_034.jpg,Resize,93.71,VAT,17.10,17.10,True,100.0
invoice_034.jpg,Resize,93.71,Gross Worth,188.11,188.11,True,100.0
invoice_034.jpg,Sharpen,70.17,Invoice Number,56908352,56908352,True,100.0
invoice_034.jpg,Sharpen,70.17,Invoice Date,01/11/2015,01/11/2015,True,100.0
invoice_034.jpg,Sharpen,70.17,Seller Tax ID,914-76-8473,914-76-8473,True,100.0
invoice_034.jpg,Sharpen,70.17,Client Tax ID,904-76-9217,904-76-9217,True,100.0
invoice_034.jpg,Sharpen,70.17,Seller IBAN,GB68RRBM34982962207975,GB68RRBM34982962207975,True,100.0
invoice_034.jpg,Sharpen,70.17,Net Worth,171.01,171.01,True,100.0
invoice_034.jpg,Sharpen,70.17,VAT,17.10,17.10,True,100.0
invoice_034.jpg,Sharpen,70.17,Gross Worth,188.11,188.11,True,100.0
invoice_035.jpg,Original,92.8,Invoice Number,36187296,36187296,True,100.0
invoice_035.jpg,Original,92.8,Invoice Date,01/05/2017,01/05/2017,True,100.0
invoice_035.jpg,Original,92.8,Seller Tax ID,951-73-0229,951-73-0229,True,100.0
invoice_035.jpg,Original,92.8,Client Tax ID,966-84-8472,966-84-8472,True,100.0
invoice_035.jpg,Original,92.8,Seller IBAN,GB480UAZ93098629612648,GB480UAZ93098629612648,True,100.0
invoice_035.jpg,Original,92.8,Net Worth,471.64,471.64,True,100.0
invoice_035.jpg,Original,92.8,VAT,47.16,47.16,True,100.0
invoice_035.jpg,Original,92.8,Gross Worth,518.80,518.80,True,100.0
invoice_035.jpg,Gray,92.79,Invoice Number,36187296,36187296,True,100.0
invoice_035.jpg,Gray,92.79,Invoice Date,01/05/2017,01/05/2017,True,100.0
invoice_035.jpg,Gray,92.79,Seller Tax ID,951-73-0229,951-73-0229,True,100.0
invoice_035.jpg,Gray,92.79,Client Tax ID,966-84-8472,966-84-8472,True,100.0
invoice_035.jpg,Gray,92.79,Seller IBAN,GB480UAZ93098629612648,GB480UAZ93098629612648,True,100.0
invoice_035.jpg,Gray,92.79,Net Worth,471.64,471.64,True,100.0
invoice_035.jpg,Gray,92.79,VAT,47.16,47.16,True,100.0
invoice_035.jpg,Gray,92.79,Gross Worth,518.80,518.80,True,100.0
invoice_035.jpg,Threshold,93.3,Invoice Number,36187296,36187296,True,100.0
invoice_035.jpg,Threshold,93.3,Invoice Date,01/05/2017,01/05/2017,True,100.0
invoice_035.jpg,Threshold,93.3,Seller Tax ID,951-73-0229,951-73-0229,True,100.0
invoice_035.jpg,Threshold,93.3,Client Tax ID,966-84-8472,966-84-8472,True,100.0
invoice_035.jpg,Threshold,93.3,Seller IBAN,GB480UAZ93098629612648,GB480UAZ93098629612648,True,100.0
invoice_035.jpg,Threshold,93.3,Net Worth,471.64,471.64,True,100.0
invoice_035.jpg,Threshold,93.3,VAT,47.16,47.16,True,100.0
invoice_035.jpg,Threshold,93.3,Gross Worth,518.80,518.80,True,100.0
invoice_035.jpg,Adaptive,43.21,Invoice Number,36187296,,False,0.0
invoice_035.jpg,Adaptive,43.21,Invoice Date,01/05/2017,,False,0.0
invoice_035.jpg,Adaptive,43.21,Seller Tax ID,951-73-0229,,False,0.0
invoice_035.jpg,Adaptive,43.21,Client Tax ID,966-84-8472,,False,0.0
invoice_035.jpg,Adaptive,43.21,Seller IBAN,GB480UAZ93098629612648,GB480UAZ93098629612648,True,100.0
invoice_035.jpg,Adaptive,43.21,Net Worth,471.64,6.33,False,16.67
invoice_035.jpg,Adaptive,43.21,VAT,47.16,471.64,False,50.0
invoice_035.jpg,Adaptive,43.21,Gross Worth,518.80,4716818.80,False,50.0
invoice_035.jpg,Denoise,92.95,Invoice Number,36187296,36187296,True,100.0
invoice_035.jpg,Denoise,92.95,Invoice Date,01/05/2017,01/05/2017,True,100.0
invoice_035.jpg,Denoise,92.95,Seller Tax ID,951-73-0229,951-73-0229,True,100.0
invoice_035.jpg,Denoise,92.95,Client Tax ID,966-84-8472,966-84-8472,True,100.0
invoice_035.jpg,Denoise,92.95,Seller IBAN,GB480UAZ93098629612648,GB480UAZ93098629612648,True,100.0
invoice_035.jpg,Denoise,92.95,Net Worth,471.64,471.64,True,100.0
invoice_035.jpg,Denoise,92.95,VAT,47.16,47.16,True,100.0
invoice_035.jpg,Denoise,92.95,Gross Worth,518.80,518.80,True,100.0
invoice_035.jpg,Resize,93.58,Invoice Number,36187296,36187296,True,100.0
invoice_035.jpg,Resize,93.58,Invoice Date,01/05/2017,01/05/2017,True,100.0
invoice_035.jpg,Resize,93.58,Seller Tax ID,951-73-0229,951-73-0229,True,100.0
invoice_035.jpg,Resize,93.58,Client Tax ID,966-84-8472,966-84-8472,True,100.0
invoice_035.jpg,Resize,93.58,Seller IBAN,GB480UAZ93098629612648,GB480UAZ93098629612648,True,100.0
invoice_035.jpg,Resize,93.58,Net Worth,471.64,471.64,True,100.0
invoice_035.jpg,Resize,93.58,VAT,47.16,47.16,True,100.0
invoice_035.jpg,Resize,93.58,Gross Worth,518.80,518.80,True,100.0
invoice_035.jpg,Sharpen,92.93,Invoice Number,36187296,36187296,True,100.0
invoice_035.jpg,Sharpen,92.93,Invoice Date,01/05/2017,01/05/2017,True,100.0
invoice_035.jpg,Sharpen,92.93,Seller Tax ID,951-73-0229,951-73-0229,True,100.0
invoice_035.jpg,Sharpen,92.93,Client Tax ID,966-84-8472,966-84-8472,True,100.0
invoice_035.jpg,Sharpen,92.93,Seller IBAN,GB480UAZ93098629612648,GB480UAZ93098629612648,True,100.0
invoice_035.jpg,Sharpen,92.93,Net Worth,471.64,471.64,True,100.0
invoice_035.jpg,Sharpen,92.93,VAT,47.16,47.16,True,100.0
invoice_035.jpg,Sharpen,92.93,Gross Worth,518.80,518.80,True,100.0
invoice_036.jpg,Original,67.62,Invoice Number,44456646,44456646,True,100.0
invoice_036.jpg,Original,67.62,Invoice Date,03/21/2015,03/21/2015,True,100.0
invoice_036.jpg,Original,67.62,Seller Tax ID,916-98-8677,916-98-8677,True,100.0
invoice_036.jpg,Original,67.62,Client Tax ID,940-84-8016,940-84-8016,True,100.0
invoice_036.jpg,Original,67.62,Seller IBAN,GB48PIBU37974446029688,GB48PIBU37974446029688,True,100.0
invoice_036.jpg,Original,67.62,Net Worth,287.36,24.05,False,33.33
invoice_036.jpg,Original,67.62,VAT,28.74,287.36,False,50.0
invoice_036.jpg,Original,67.62,Gross Worth,316.10,28.74,False,16.67
invoice_036.jpg,Gray,66.92,Invoice Number,44456646,44456646,True,100.0
invoice_036.jpg,Gray,66.92,Invoice Date,03/21/2015,03/21/2015,True,100.0
invoice_036.jpg,Gray,66.92,Seller Tax ID,916-98-8677,916-98-8677,True,100.0
invoice_036.jpg,Gray,66.92,Client Tax ID,940-84-8016,940-84-8016,True,100.0
invoice_036.jpg,Gray,66.92,Seller IBAN,GB48PIBU37974446029688,GB48PIBU37974446029688,True,100.0
invoice_036.jpg,Gray,66.92,Net Worth,287.36,,False,0.0
invoice_036.jpg,Gray,66.92,VAT,28.74,,False,0.0
invoice_036.jpg,Gray,66.92,Gross Worth,316.10,,False,0.0
invoice_036.jpg,Threshold,73.83,Invoice Number,44456646,44456646,True,100.0
invoice_036.jpg,Threshold,73.83,Invoice Date,03/21/2015,03/21/2015,True,100.0
invoice_036.jpg,Threshold,73.83,Seller Tax ID,916-98-8677,916-98-8677,True,100.0
invoice_036.jpg,Threshold,73.83,Client Tax ID,940-84-8016,940-84-8016,True,100.0
invoice_036.jpg,Threshold,73.83,Seller IBAN,GB48PIBU37974446029688,GB48PIBU37974446029688,True,100.0
invoice_036.jpg,Threshold,73.83,Net Worth,287.36,287.36,True,100.0
invoice_036.jpg,Threshold,73.83,VAT,28.74,28.74,True,100.0
invoice_036.jpg,Threshold,73.83,Gross Worth,316.10,316.10,True,100.0
invoice_036.jpg,Adaptive,17.18,Invoice Number,44456646,,False,0.0
invoice_036.jpg,Adaptive,17.18,Invoice Date,03/21/2015,,False,0.0
invoice_036.jpg,Adaptive,17.18,Seller Tax ID,916-98-8677,,False,0.0
invoice_036.jpg,Adaptive,17.18,Client Tax ID,940-84-8016,,False,0.0
invoice_036.jpg,Adaptive,17.18,Seller IBAN,GB48PIBU37974446029688,,False,0.0
invoice_036.jpg,Adaptive,17.18,Net Worth,287.36,,False,0.0
invoice_036.jpg,Adaptive,17.18,VAT,28.74,,False,0.0
invoice_036.jpg,Adaptive,17.18,Gross Worth,316.10,,False,0.0
invoice_036.jpg,Denoise,67.97,Invoice Number,44456646,44456646,True,100.0
invoice_036.jpg,Denoise,67.97,Invoice Date,03/21/2015,03/21/2015,True,100.0
invoice_036.jpg,Denoise,67.97,Seller Tax ID,916-98-8677,916-98-8677,True,100.0
invoice_036.jpg,Denoise,67.97,Client Tax ID,940-84-8016,940-84-8016,True,100.0
invoice_036.jpg,Denoise,67.97,Seller IBAN,GB48PIBU37974446029688,GB48PIBU37974446029688,True,100.0
invoice_036.jpg,Denoise,67.97,Net Worth,287.36,5.00,False,16.67
invoice_036.jpg,Denoise,67.97,VAT,28.74,287.36,False,50.0
invoice_036.jpg,Denoise,67.97,Gross Worth,316.10,28.74,False,16.67
invoice_036.jpg,Resize,73.41,Invoice Number,44456646,44456646,True,100.0
invoice_036.jpg,Resize,73.41,Invoice Date,03/21/2015,03/21/2015,True,100.0
invoice_036.jpg,Resize,73.41,Seller Tax ID,916-98-8677,916-98-8677,True,100.0
invoice_036.jpg,Resize,73.41,Client Tax ID,940-84-8016,940-84-8016,True,100.0
invoice_036.jpg,Resize,73.41,Seller IBAN,GB48PIBU37974446029688,GB48PIBU37974446029688,True,100.0
invoice_036.jpg,Resize,73.41,Net Worth,287.36,,False,0.0
invoice_036.jpg,Resize,73.41,VAT,28.74,,False,0.0
invoice_036.jpg,Resize,73.41,Gross Worth,316.10,,False,0.0
invoice_036.jpg,Sharpen,34.92,Invoice Number,44456646,,False,0.0
invoice_036.jpg,Sharpen,34.92,Invoice Date,03/21/2015,,False,0.0
invoice_036.jpg,Sharpen,34.92,Seller Tax ID,916-98-8677,,False,0.0
invoice_036.jpg,Sharpen,34.92,Client Tax ID,940-84-8016,,False,0.0
invoice_036.jpg,Sharpen,34.92,Seller IBAN,GB48PIBU37974446029688,,False,0.0
invoice_036.jpg,Sharpen,34.92,Net Worth,287.36,99.95,False,16.67
invoice_036.jpg,Sharpen,34.92,VAT,28.74,7.36,False,20.0
invoice_036.jpg,Sharpen,34.92,Gross Worth,316.10,316.10,True,100.0
invoice_037.jpg,Original,93.09,Invoice Number,46506594,46506594,True,100.0
invoice_037.jpg,Original,93.09,Invoice Date,03/12/2012,03/12/2012,True,100.0
invoice_037.jpg,Original,93.09,Seller Tax ID,929-76-1260,929-76-1260,True,100.0
invoice_037.jpg,Original,93.09,Client Tax ID,940-86-9734,940-86-9734,True,100.0
invoice_037.jpg,Original,93.09,Seller IBAN,GB49GJRS28729607733931,GB49GJRS28729607733931,True,100.0
invoice_037.jpg,Original,93.09,Net Worth,1335.86,1335.86,True,100.0
invoice_037.jpg,Original,93.09,VAT,133.59,133.59,True,100.0
invoice_037.jpg,Original,93.09,Gross Worth,1469.45,1469.45,True,100.0
invoice_037.jpg,Gray,93.09,Invoice Number,46506594,46506594,True,100.0
invoice_037.jpg,Gray,93.09,Invoice Date,03/12/2012,03/12/2012,True,100.0
invoice_037.jpg,Gray,93.09,Seller Tax ID,929-76-1260,929-76-1260,True,100.0
invoice_037.jpg,Gray,93.09,Client Tax ID,940-86-9734,940-86-9734,True,100.0
invoice_037.jpg,Gray,93.09,Seller IBAN,GB49GJRS28729607733931,GB49GJRS28729607733931,True,100.0
invoice_037.jpg,Gray,93.09,Net Worth,1335.86,1335.86,True,100.0
invoice_037.jpg,Gray,93.09,VAT,133.59,133.59,True,100.0
invoice_037.jpg,Gray,93.09,Gross Worth,1469.45,1469.45,True,100.0
invoice_037.jpg,Threshold,93.13,Invoice Number,46506594,46506594,True,100.0
invoice_037.jpg,Threshold,93.13,Invoice Date,03/12/2012,03/12/2012,True,100.0
invoice_037.jpg,Threshold,93.13,Seller Tax ID,929-76-1260,929-76-1260,True,100.0
invoice_037.jpg,Threshold,93.13,Client Tax ID,940-86-9734,940-86-9734,True,100.0
invoice_037.jpg,Threshold,93.13,Seller IBAN,GB49GJRS28729607733931,GB49GJRS28729607733931,True,100.0
invoice_037.jpg,Threshold,93.13,Net Worth,1335.86,1335.86,True,100.0
invoice_037.jpg,Threshold,93.13,VAT,133.59,133.59,True,100.0
invoice_037.jpg,Threshold,93.13,Gross Worth,1469.45,1469.45,True,100.0
invoice_037.jpg,Adaptive,42.04,Invoice Number,46506594,46506594,True,100.0
invoice_037.jpg,Adaptive,42.04,Invoice Date,03/12/2012,,False,0.0
invoice_037.jpg,Adaptive,42.04,Seller Tax ID,929-76-1260,,False,0.0
invoice_037.jpg,Adaptive,42.04,Client Tax ID,940-86-9734,,False,0.0
invoice_037.jpg,Adaptive,42.04,Seller IBAN,GB49GJRS28729607733931,,False,0.0
invoice_037.jpg,Adaptive,42.04,Net Worth,1335.86,20.00,False,14.29
invoice_037.jpg,Adaptive,42.04,VAT,133.59,1.33,False,33.33
invoice_037.jpg,Adaptive,42.04,Gross Worth,1469.45,133.59,False,28.57
invoice_037.jpg,Denoise,92.98,Invoice Number,46506594,46506594,True,100.0
invoice_037.jpg,Denoise,92.98,Invoice Date,03/12/2012,03/12/2012,True,100.0
invoice_037.jpg,Denoise,92.98,Seller Tax ID,929-76-1260,929-76-1260,True,100.0
invoice_037.jpg,Denoise,92.98,Client Tax ID,940-86-9734,940-86-9734,True,100.0
invoice_037.jpg,Denoise,92.98,Seller IBAN,GB49GJRS28729607733931,GB49GJRS28729607733931,True,100.0
invoice_037.jpg,Denoise,92.98,Net Worth,1335.86,1335.86,True,100.0
invoice_037.jpg,Denoise,92.98,VAT,133.59,133.59,True,100.0
invoice_037.jpg,Denoise,92.98,Gross Worth,1469.45,1469.45,True,100.0
invoice_037.jpg,Resize,92.2,Invoice Number,46506594,46506594,True,100.0
invoice_037.jpg,Resize,92.2,Invoice Date,03/12/2012,03/12/2012,True,100.0
invoice_037.jpg,Resize,92.2,Seller Tax ID,929-76-1260,929-76-1260,True,100.0
invoice_037.jpg,Resize,92.2,Client Tax ID,940-86-9734,940-86-9734,True,100.0
invoice_037.jpg,Resize,92.2,Seller IBAN,GB49GJRS28729607733931,GB49GJRS28729607733931,True,100.0
invoice_037.jpg,Resize,92.2,Net Worth,1335.86,1335.86,True,100.0
invoice_037.jpg,Resize,92.2,VAT,133.59,133.59,True,100.0
invoice_037.jpg,Resize,92.2,Gross Worth,1469.45,1469.45,True,100.0
invoice_037.jpg,Sharpen,89.79,Invoice Number,46506594,46506594,True,100.0
invoice_037.jpg,Sharpen,89.79,Invoice Date,03/12/2012,03/12/2012,True,100.0
invoice_037.jpg,Sharpen,89.79,Seller Tax ID,929-76-1260,929-76-1260,True,100.0
invoice_037.jpg,Sharpen,89.79,Client Tax ID,940-86-9734,940-86-9734,True,100.0
invoice_037.jpg,Sharpen,89.79,Seller IBAN,GB49GJRS28729607733931,GB49GJRS28729607733931,True,100.0
invoice_037.jpg,Sharpen,89.79,Net Worth,1335.86,1335.86,True,100.0
invoice_037.jpg,Sharpen,89.79,VAT,133.59,133.59,True,100.0
invoice_037.jpg,Sharpen,89.79,Gross Worth,1469.45,1469.45,True,100.0
invoice_038.jpg,Original,93.12,Invoice Number,77596491,77596491,True,100.0
invoice_038.jpg,Original,93.12,Invoice Date,01/31/2021,01/31/2021,True,100.0
invoice_038.jpg,Original,93.12,Seller Tax ID,988-83-0971,988-83-0971,True,100.0
invoice_038.jpg,Original,93.12,Client Tax ID,926-85-5660,926-85-5660,True,100.0
invoice_038.jpg,Original,93.12,Seller IBAN,GBO4ZWCK22425880230961,,False,0.0
invoice_038.jpg,Original,93.12,Net Worth,22.68,22.68,True,100.0
invoice_038.jpg,Original,93.12,VAT,2.27,2.27,True,100.0
invoice_038.jpg,Original,93.12,Gross Worth,24.95,24.95,True,100.0
invoice_038.jpg,Gray,93.1,Invoice Number,77596491,77596491,True,100.0
invoice_038.jpg,Gray,93.1,Invoice Date,01/31/2021,01/31/2021,True,100.0
invoice_038.jpg,Gray,93.1,Seller Tax ID,988-83-0971,988-83-0971,True,100.0
invoice_038.jpg,Gray,93.1,Client Tax ID,926-85-5660,926-85-5660,True,100.0
invoice_038.jpg,Gray,93.1,Seller IBAN,GBO4ZWCK22425880230961,,False,0.0
invoice_038.jpg,Gray,93.1,Net Worth,22.68,22.68,True,100.0
invoice_038.jpg,Gray,93.1,VAT,2.27,2.27,True,100.0
invoice_038.jpg,Gray,93.1,Gross Worth,24.95,24.95,True,100.0
invoice_038.jpg,Threshold,67.1,Invoice Number,77596491,77596491,True,100.0
invoice_038.jpg,Threshold,67.1,Invoice Date,01/31/2021,01/31/2021,True,100.0
invoice_038.jpg,Threshold,67.1,Seller Tax ID,988-83-0971,988-83-0971,True,100.0
invoice_038.jpg,Threshold,67.1,Client Tax ID,926-85-5660,926-85-5660,True,100.0
invoice_038.jpg,Threshold,67.1,Seller IBAN,GBO4ZWCK22425880230961,,False,0.0
invoice_038.jpg,Threshold,67.1,Net Worth,22.68,22.68,True,100.0
invoice_038.jpg,Threshold,67.1,VAT,2.27,2.27,True,100.0
invoice_038.jpg,Threshold,67.1,Gross Worth,24.95,24.95,True,100.0
invoice_038.jpg,Adaptive,12.83,Invoice Number,77596491,,False,0.0
invoice_038.jpg,Adaptive,12.83,Invoice Date,01/31/2021,,False,0.0
invoice_038.jpg,Adaptive,12.83,Seller Tax ID,988-83-0971,,False,0.0
invoice_038.jpg,Adaptive,12.83,Client Tax ID,926-85-5660,,False,0.0
invoice_038.jpg,Adaptive,12.83,Seller IBAN,GBO4ZWCK22425880230961,,False,0.0
invoice_038.jpg,Adaptive,12.83,Net Worth,22.68,,False,0.0
invoice_038.jpg,Adaptive,12.83,VAT,2.27,,False,0.0
invoice_038.jpg,Adaptive,12.83,Gross Worth,24.95,,False,0.0
invoice_038.jpg,Denoise,93.1,Invoice Number,77596491,77596491,True,100.0
invoice_038.jpg,Denoise,93.1,Invoice Date,01/31/2021,01/31/2021,True,100.0
invoice_038.jpg,Denoise,93.1,Seller Tax ID,988-83-0971,988-83-0971,True,100.0
invoice_038.jpg,Denoise,93.1,Client Tax ID,926-85-5660,926-85-5660,True,100.0
invoice_038.jpg,Denoise,93.1,Seller IBAN,GBO4ZWCK22425880230961,,False,0.0
invoice_038.jpg,Denoise,93.1,Net Worth,22.68,22.68,True,100.0
invoice_038.jpg,Denoise,93.1,VAT,2.27,2.27,True,100.0
invoice_038.jpg,Denoise,93.1,Gross Worth,24.95,24.95,True,100.0
invoice_038.jpg,Resize,94.33,Invoice Number,77596491,77596491,True,100.0
invoice_038.jpg,Resize,94.33,Invoice Date,01/31/2021,01/31/2021,True,100.0
invoice_038.jpg,Resize,94.33,Seller Tax ID,988-83-0971,988-83-0971,True,100.0
invoice_038.jpg,Resize,94.33,Client Tax ID,926-85-5660,926-85-5660,True,100.0
invoice_038.jpg,Resize,94.33,Seller IBAN,GBO4ZWCK22425880230961,,False,0.0
invoice_038.jpg,Resize,94.33,Net Worth,22.68,22.68,True,100.0
invoice_038.jpg,Resize,94.33,VAT,2.27,2.27,True,100.0
invoice_038.jpg,Resize,94.33,Gross Worth,24.95,24.95,True,100.0
invoice_038.jpg,Sharpen,14.24,Invoice Number,77596491,,False,0.0
invoice_038.jpg,Sharpen,14.24,Invoice Date,01/31/2021,,False,0.0
invoice_038.jpg,Sharpen,14.24,Seller Tax ID,988-83-0971,,False,0.0
invoice_038.jpg,Sharpen,14.24,Client Tax ID,926-85-5660,,False,0.0
invoice_038.jpg,Sharpen,14.24,Seller IBAN,GBO4ZWCK22425880230961,,False,0.0
invoice_038.jpg,Sharpen,14.24,Net Worth,22.68,,False,0.0
invoice_038.jpg,Sharpen,14.24,VAT,2.27,,False,0.0
invoice_038.jpg,Sharpen,14.24,Gross Worth,24.95,,False,0.0
invoice_039.jpg,Original,92.23,Invoice Number,68688408,68688408,True,100.0
invoice_039.jpg,Original,92.23,Invoice Date,03/20/2016,03/20/2016,True,100.0
invoice_039.jpg,Original,92.23,Seller Tax ID,953-84-2239,953-84-2239,True,100.0
invoice_039.jpg,Original,92.23,Client Tax ID,904-82-9186,904-82-9186,True,100.0
invoice_039.jpg,Original,92.23,Seller IBAN,GB84XSNO58142814072766,GB84XSNO58142814072766,True,100.0
invoice_039.jpg,Original,92.23,Net Worth,82.97,82.97,True,100.0
invoice_039.jpg,Original,92.23,VAT,8.30,8.30,True,100.0
invoice_039.jpg,Original,92.23,Gross Worth,91.27,91.27,True,100.0
invoice_039.jpg,Gray,92.23,Invoice Number,68688408,68688408,True,100.0
invoice_039.jpg,Gray,92.23,Invoice Date,03/20/2016,03/20/2016,True,100.0
invoice_039.jpg,Gray,92.23,Seller Tax ID,953-84-2239,953-84-2239,True,100.0
invoice_039.jpg,Gray,92.23,Client Tax ID,904-82-9186,904-82-9186,True,100.0
invoice_039.jpg,Gray,92.23,Seller IBAN,GB84XSNO58142814072766,GB84XSNO58142814072766,True,100.0
invoice_039.jpg,Gray,92.23,Net Worth,82.97,82.97,True,100.0
invoice_039.jpg,Gray,92.23,VAT,8.30,8.30,True,100.0
invoice_039.jpg,Gray,92.23,Gross Worth,91.27,91.27,True,100.0
invoice_039.jpg,Threshold,92.73,Invoice Number,68688408,68688408,True,100.0
invoice_039.jpg,Threshold,92.73,Invoice Date,03/20/2016,03/20/2016,True,100.0
invoice_039.jpg,Threshold,92.73,Seller Tax ID,953-84-2239,953-84-2239,True,100.0
invoice_039.jpg,Threshold,92.73,Client Tax ID,904-82-9186,904-82-9186,True,100.0
invoice_039.jpg,Threshold,92.73,Seller IBAN,GB84XSNO58142814072766,GB84XSNO58142814072766,True,100.0
invoice_039.jpg,Threshold,92.73,Net Worth,82.97,82.97,True,100.0
invoice_039.jpg,Threshold,92.73,VAT,8.30,8.30,True,100.0
invoice_039.jpg,Threshold,92.73,Gross Worth,91.27,91.27,True,100.0
invoice_039.jpg,Adaptive,52.91,Invoice Number,68688408,,False,0.0
invoice_039.jpg,Adaptive,52.91,Invoice Date,03/20/2016,,False,0.0
invoice_039.jpg,Adaptive,52.91,Seller Tax ID,953-84-2239,,False,0.0
invoice_039.jpg,Adaptive,52.91,Client Tax ID,904-82-9186,,False,0.0
invoice_039.jpg,Adaptive,52.91,Seller IBAN,GB84XSNO58142814072766,GB84XSNO58142814072766,True,100.0
invoice_039.jpg,Adaptive,52.91,Net Worth,82.97,82.97,True,100.0
invoice_039.jpg,Adaptive,52.91,VAT,8.30,8.30,True,100.0
invoice_039.jpg,Adaptive,52.91,Gross Worth,91.27,91.27,True,100.0
invoice_039.jpg,Denoise,91.99,Invoice Number,68688408,68688408,True,100.0
invoice_039.jpg,Denoise,91.99,Invoice Date,03/20/2016,03/20/2016,True,100.0
invoice_039.jpg,Denoise,91.99,Seller Tax ID,953-84-2239,953-84-2239,True,100.0
invoice_039.jpg,Denoise,91.99,Client Tax ID,904-82-9186,904-82-9186,True,100.0
invoice_039.jpg,Denoise,91.99,Seller IBAN,GB84XSNO58142814072766,GB84XSNO58142814072766,True,100.0
invoice_039.jpg,Denoise,91.99,Net Worth,82.97,82.97,True,100.0
invoice_039.jpg,Denoise,91.99,VAT,8.30,8.30,True,100.0
invoice_039.jpg,Denoise,91.99,Gross Worth,91.27,91.27,True,100.0
invoice_039.jpg,Resize,92.4,Invoice Number,68688408,68688408,True,100.0
invoice_039.jpg,Resize,92.4,Invoice Date,03/20/2016,03/20/2016,True,100.0
invoice_039.jpg,Resize,92.4,Seller Tax ID,953-84-2239,953-84-2239,True,100.0
invoice_039.jpg,Resize,92.4,Client Tax ID,904-82-9186,904-82-9186,True,100.0
invoice_039.jpg,Resize,92.4,Seller IBAN,GB84XSNO58142814072766,GB84XSNO58142814072766,True,100.0
invoice_039.jpg,Resize,92.4,Net Worth,82.97,82.97,True,100.0
invoice_039.jpg,Resize,92.4,VAT,8.30,8.30,True,100.0
invoice_039.jpg,Resize,92.4,Gross Worth,91.27,91.27,True,100.0
invoice_039.jpg,Sharpen,94.0,Invoice Number,68688408,68688408,True,100.0
invoice_039.jpg,Sharpen,94.0,Invoice Date,03/20/2016,03/20/2016,True,100.0
invoice_039.jpg,Sharpen,94.0,Seller Tax ID,953-84-2239,953-84-2239,True,100.0
invoice_039.jpg,Sharpen,94.0,Client Tax ID,904-82-9186,904-82-9186,True,100.0
invoice_039.jpg,Sharpen,94.0,Seller IBAN,GB84XSNO58142814072766,GB84XSNO58142814072766,True,100.0
invoice_039.jpg,Sharpen,94.0,Net Worth,82.97,82.97,True,100.0
invoice_039.jpg,Sharpen,94.0,VAT,8.30,8.30,True,100.0
invoice_039.jpg,Sharpen,94.0,Gross Worth,91.27,91.27,True,100.0
invoice_040.jpg,Original,92.94,Invoice Number,57986024,57986024,True,100.0
invoice_040.jpg,Original,92.94,Invoice Date,10/17/2015,10/17/2015,True,100.0
invoice_040.jpg,Original,92.94,Seller Tax ID,959-72-2889,959-72-2889,True,100.0
invoice_040.jpg,Original,92.94,Client Tax ID,907-74-8078,907-74-8078,True,100.0
invoice_040.jpg,Original,92.94,Seller IBAN,GBO2QDFL22211399552517,,False,0.0
invoice_040.jpg,Original,92.94,Net Worth,215.72,215.72,True,100.0
invoice_040.jpg,Original,92.94,VAT,21.57,21.57,True,100.0
invoice_040.jpg,Original,92.94,Gross Worth,237.29,237.29,True,100.0
invoice_040.jpg,Gray,92.97,Invoice Number,57986024,57986024,True,100.0
invoice_040.jpg,Gray,92.97,Invoice Date,10/17/2015,10/17/2015,True,100.0
invoice_040.jpg,Gray,92.97,Seller Tax ID,959-72-2889,959-72-2889,True,100.0
invoice_040.jpg,Gray,92.97,Client Tax ID,907-74-8078,907-74-8078,True,100.0
invoice_040.jpg,Gray,92.97,Seller IBAN,GBO2QDFL22211399552517,,False,0.0
invoice_040.jpg,Gray,92.97,Net Worth,215.72,215.72,True,100.0
invoice_040.jpg,Gray,92.97,VAT,21.57,21.57,True,100.0
invoice_040.jpg,Gray,92.97,Gross Worth,237.29,237.29,True,100.0
invoice_040.jpg,Threshold,93.64,Invoice Number,57986024,57986024,True,100.0
invoice_040.jpg,Threshold,93.64,Invoice Date,10/17/2015,10/17/2015,True,100.0
invoice_040.jpg,Threshold,93.64,Seller Tax ID,959-72-2889,959-72-2889,True,100.0
invoice_040.jpg,Threshold,93.64,Client Tax ID,907-74-8078,907-74-8078,True,100.0
invoice_040.jpg,Threshold,93.64,Seller IBAN,GBO2QDFL22211399552517,,False,0.0
invoice_040.jpg,Threshold,93.64,Net Worth,215.72,215.72,True,100.0
invoice_040.jpg,Threshold,93.64,VAT,21.57,21.57,True,100.0
invoice_040.jpg,Threshold,93.64,Gross Worth,237.29,237.29,True,100.0
invoice_040.jpg,Adaptive,17.94,Invoice Number,57986024,,False,0.0
invoice_040.jpg,Adaptive,17.94,Invoice Date,10/17/2015,,False,0.0
invoice_040.jpg,Adaptive,17.94,Seller Tax ID,959-72-2889,,False,0.0
invoice_040.jpg,Adaptive,17.94,Client Tax ID,907-74-8078,,False,0.0
invoice_040.jpg,Adaptive,17.94,Seller IBAN,GBO2QDFL22211399552517,,False,0.0
invoice_040.jpg,Adaptive,17.94,Net Worth,215.72,,False,0.0
invoice_040.jpg,Adaptive,17.94,VAT,21.57,,False,0.0
invoice_040.jpg,Adaptive,17.94,Gross Worth,237.29,,False,0.0
invoice_040.jpg,Denoise,92.91,Invoice Number,57986024,57986024,True,100.0
invoice_040.jpg,Denoise,92.91,Invoice Date,10/17/2015,10/17/2015,True,100.0
invoice_040.jpg,Denoise,92.91,Seller Tax ID,959-72-2889,959-72-2889,True,100.0
invoice_040.jpg,Denoise,92.91,Client Tax ID,907-74-8078,907-74-8078,True,100.0
invoice_040.jpg,Denoise,92.91,Seller IBAN,GBO2QDFL22211399552517,,False,0.0
invoice_040.jpg,Denoise,92.91,Net Worth,215.72,215.72,True,100.0
invoice_040.jpg,Denoise,92.91,VAT,21.57,21.57,True,100.0
invoice_040.jpg,Denoise,92.91,Gross Worth,237.29,237.29,True,100.0
invoice_040.jpg,Resize,91.67,Invoice Number,57986024,57986024,True,100.0
invoice_040.jpg,Resize,91.67,Invoice Date,10/17/2015,10/17/2015,True,100.0
invoice_040.jpg,Resize,91.67,Seller Tax ID,959-72-2889,959-72-2889,True,100.0
invoice_040.jpg,Resize,91.67,Client Tax ID,907-74-8078,907-74-8078,True,100.0
invoice_040.jpg,Resize,91.67,Seller IBAN,GBO2QDFL22211399552517,,False,0.0
invoice_040.jpg,Resize,91.67,Net Worth,215.72,215.72,True,100.0
invoice_040.jpg,Resize,91.67,VAT,21.57,21.57,True,100.0
invoice_040.jpg,Resize,91.67,Gross Worth,237.29,237.29,True,100.0
invoice_040.jpg,Sharpen,68.26,Invoice Number,57986024,57986024,True,100.0
invoice_040.jpg,Sharpen,68.26,Invoice Date,10/17/2015,10/17/2015,True,100.0
invoice_040.jpg,Sharpen,68.26,Seller Tax ID,959-72-2889,959-72-2889,True,100.0
invoice_040.jpg,Sharpen,68.26,Client Tax ID,907-74-8078,907-74-8078,True,100.0
invoice_040.jpg,Sharpen,68.26,Seller IBAN,GBO2QDFL22211399552517,,False,0.0
invoice_040.jpg,Sharpen,68.26,Net Worth,215.72,215.72,True,100.0
invoice_040.jpg,Sharpen,68.26,VAT,21.57,21.57,True,100.0
invoice_040.jpg,Sharpen,68.26,Gross Worth,237.29,237.29,True,100.0
invoice_041.jpg,Original,91.38,Invoice Number,11580833,11580833,True,100.0
invoice_041.jpg,Original,91.38,Invoice Date,11/24/2019,11/24/2019,True,100.0
invoice_041.jpg,Original,91.38,Seller Tax ID,968-86-1662,968-86-1662,True,100.0
invoice_041.jpg,Original,91.38,Client Tax ID,979-96-3992,979-96-3992,True,100.0
invoice_041.jpg,Original,91.38,Seller IBAN,GB61VHVS67246807986062,GB61VHVS67246807986062,True,100.0
invoice_041.jpg,Original,91.38,Net Worth,4671.23,4671.23,True,100.0
invoice_041.jpg,Original,91.38,VAT,467.12,467.12,True,100.0
invoice_041.jpg,Original,91.38,Gross Worth,5138.35,5138.35,True,100.0
invoice_041.jpg,Gray,92.19,Invoice Number,11580833,11580833,True,100.0
invoice_041.jpg,Gray,92.19,Invoice Date,11/24/2019,11/24/2019,True,100.0
invoice_041.jpg,Gray,92.19,Seller Tax ID,968-86-1662,968-86-1662,True,100.0
invoice_041.jpg,Gray,92.19,Client Tax ID,979-96-3992,979-96-3992,True,100.0
invoice_041.jpg,Gray,92.19,Seller IBAN,GB61VHVS67246807986062,GB61VHVS67246807986062,True,100.0
invoice_041.jpg,Gray,92.19,Net Worth,4671.23,4671.23,True,100.0
invoice_041.jpg,Gray,92.19,VAT,467.12,467.12,True,100.0
invoice_041.jpg,Gray,92.19,Gross Worth,5138.35,5138.35,True,100.0
invoice_041.jpg,Threshold,91.39,Invoice Number,11580833,11580833,True,100.0
invoice_041.jpg,Threshold,91.39,Invoice Date,11/24/2019,11/24/2019,True,100.0
invoice_041.jpg,Threshold,91.39,Seller Tax ID,968-86-1662,968-86-1662,True,100.0
invoice_041.jpg,Threshold,91.39,Client Tax ID,979-96-3992,979-96-3992,True,100.0
invoice_041.jpg,Threshold,91.39,Seller IBAN,GB61VHVS67246807986062,GB61VHVS67246807986062,True,100.0
invoice_041.jpg,Threshold,91.39,Net Worth,4671.23,4671.23,True,100.0
invoice_041.jpg,Threshold,91.39,VAT,467.12,467.12,True,100.0
invoice_041.jpg,Threshold,91.39,Gross Worth,5138.35,5138.35,True,100.0
invoice_041.jpg,Adaptive,17.5,Invoice Number,11580833,,False,0.0
invoice_041.jpg,Adaptive,17.5,Invoice Date,11/24/2019,,False,0.0
invoice_041.jpg,Adaptive,17.5,Seller Tax ID,968-86-1662,,False,0.0
invoice_041.jpg,Adaptive,17.5,Client Tax ID,979-96-3992,,False,0.0
invoice_041.jpg,Adaptive,17.5,Seller IBAN,GB61VHVS67246807986062,,False,0.0
invoice_041.jpg,Adaptive,17.5,Net Worth,4671.23,,False,0.0
invoice_041.jpg,Adaptive,17.5,VAT,467.12,,False,0.0
invoice_041.jpg,Adaptive,17.5,Gross Worth,5138.35,,False,0.0
invoice_041.jpg,Denoise,91.89,Invoice Number,11580833,11580833,True,100.0
invoice_041.jpg,Denoise,91.89,Invoice Date,11/24/2019,11/24/2019,True,100.0
invoice_041.jpg,Denoise,91.89,Seller Tax ID,968-86-1662,968-86-1662,True,100.0
invoice_041.jpg,Denoise,91.89,Client Tax ID,979-96-3992,979-96-3992,True,100.0
invoice_041.jpg,Denoise,91.89,Seller IBAN,GB61VHVS67246807986062,GB61VHVS67246807986062,True,100.0
invoice_041.jpg,Denoise,91.89,Net Worth,4671.23,4671.23,True,100.0
invoice_041.jpg,Denoise,91.89,VAT,467.12,467.12,True,100.0
invoice_041.jpg,Denoise,91.89,Gross Worth,5138.35,5138.35,True,100.0
invoice_041.jpg,Resize,92.0,Invoice Number,11580833,11580833,True,100.0
invoice_041.jpg,Resize,92.0,Invoice Date,11/24/2019,11/24/2019,True,100.0
invoice_041.jpg,Resize,92.0,Seller Tax ID,968-86-1662,968-86-1662,True,100.0
invoice_041.jpg,Resize,92.0,Client Tax ID,979-96-3992,979-96-3992,True,100.0
invoice_041.jpg,Resize,92.0,Seller IBAN,GB61VHVS67246807986062,GB61VHVS67246807986062,True,100.0
invoice_041.jpg,Resize,92.0,Net Worth,4671.23,4671.23,True,100.0
invoice_041.jpg,Resize,92.0,VAT,467.12,467.12,True,100.0
invoice_041.jpg,Resize,92.0,Gross Worth,5138.35,5138.35,True,100.0
invoice_041.jpg,Sharpen,57.39,Invoice Number,11580833,11580833,True,100.0
invoice_041.jpg,Sharpen,57.39,Invoice Date,11/24/2019,11/24/2019,True,100.0
invoice_041.jpg,Sharpen,57.39,Seller Tax ID,968-86-1662,968-86-1662,True,100.0
invoice_041.jpg,Sharpen,57.39,Client Tax ID,979-96-3992,979-96-3992,True,100.0
invoice_041.jpg,Sharpen,57.39,Seller IBAN,GB61VHVS67246807986062,GB61VHVS67246807986062,True,100.0
invoice_041.jpg,Sharpen,57.39,Net Worth,4671.23,723.80,False,14.29
invoice_041.jpg,Sharpen,57.39,VAT,467.12,4671.23,False,57.14
invoice_041.jpg,Sharpen,57.39,Gross Worth,5138.35,467.12,False,14.29
invoice_042.jpg,Original,79.02,Invoice Number,13407985,13407985,True,100.0
invoice_042.jpg,Original,79.02,Invoice Date,11/22/2013,11/22/2013,True,100.0
invoice_042.jpg,Original,79.02,Seller Tax ID,962-88-9077,962-88-9077,True,100.0
invoice_042.jpg,Original,79.02,Client Tax ID,997-95-5690,997-95-5690,True,100.0
invoice_042.jpg,Original,79.02,Seller IBAN,GB23TMKM50357047352524,GB23TMKM50357047352524,True,100.0
invoice_042.jpg,Original,79.02,Net Worth,4963.41,4963.41,True,100.0
invoice_042.jpg,Original,79.02,VAT,496.34,496.34,True,100.0
invoice_042.jpg,Original,79.02,Gross Worth,5459.75,5453.75,False,85.71
invoice_042.jpg,Gray,79.02,Invoice Number,13407985,13407985,True,100.0
invoice_042.jpg,Gray,79.02,Invoice Date,11/22/2013,11/22/2013,True,100.0
invoice_042.jpg,Gray,79.02,Seller Tax ID,962-88-9077,962-88-9077,True,100.0
invoice_042.jpg,Gray,79.02,Client Tax ID,997-95-5690,997-95-5690,True,100.0
invoice_042.jpg,Gray,79.02,Seller IBAN,GB23TMKM50357047352524,GB23TMKM50357047352524,True,100.0
invoice_042.jpg,Gray,79.02,Net Worth,4963.41,4963.41,True,100.0
invoice_042.jpg,Gray,79.02,VAT,496.34,496.34,True,100.0
invoice_042.jpg,Gray,79.02,Gross Worth,5459.75,5453.75,False,85.71
invoice_042.jpg,Threshold,45.09,Invoice Number,13407985,13407985,True,100.0
invoice_042.jpg,Threshold,45.09,Invoice Date,11/22/2013,,False,0.0
invoice_042.jpg,Threshold,45.09,Seller Tax ID,962-88-9077,,False,0.0
invoice_042.jpg,Threshold,45.09,Client Tax ID,997-95-5690,,False,0.0
invoice_042.jpg,Threshold,45.09,Seller IBAN,GB23TMKM50357047352524,,False,0.0
invoice_042.jpg,Threshold,45.09,Net Worth,4963.41,4963.41,True,100.0
invoice_042.jpg,Threshold,45.09,VAT,496.34,496.34,True,100.0
invoice_042.jpg,Threshold,45.09,Gross Worth,5459.75,5459.75,True,100.0
invoice_042.jpg,Adaptive,44.0,Invoice Number,13407985,13407985,True,100.0
invoice_042.jpg,Adaptive,44.0,Invoice Date,11/22/2013,,False,0.0
invoice_042.jpg,Adaptive,44.0,Seller Tax ID,962-88-9077,962-88-8077,False,88.89
invoice_042.jpg,Adaptive,44.0,Client Tax ID,997-95-5690,887-05-5000,False,44.44
invoice_042.jpg,Adaptive,44.0,Seller IBAN,GB23TMKM50357047352524,GB231MXNDB035704735252,False,72.73
invoice_042.jpg,Adaptive,44.0,Net Worth,4963.41,,False,0.0
invoice_042.jpg,Adaptive,44.0,VAT,496.34,,False,0.0
invoice_042.jpg,Adaptive,44.0,Gross Worth,5459.75,,False,0.0
invoice_042.jpg,Denoise,78.52,Invoice Number,13407985,13407985,True,100.0
invoice_042.jpg,Denoise,78.52,Invoice Date,11/22/2013,11/22/2013,True,100.0
invoice_042.jpg,Denoise,78.52,Seller Tax ID,962-88-9077,962-88-9077,True,100.0
invoice_042.jpg,Denoise,78.52,Client Tax ID,997-95-5690,997-95-5690,True,100.0
invoice_042.jpg,Denoise,78.52,Seller IBAN,GB23TMKM50357047352524,GB23TMKM50357047352524,True,100.0
invoice_042.jpg,Denoise,78.52,Net Worth,4963.41,4963.41,True,100.0
invoice_042.jpg,Denoise,78.52,VAT,496.34,496.34,True,100.0
invoice_042.jpg,Denoise,78.52,Gross Worth,5459.75,5453.75,False,85.71
invoice_042.jpg,Resize,75.45,Invoice Number,13407985,13407985,True,100.0
invoice_042.jpg,Resize,75.45,Invoice Date,11/22/2013,,False,0.0
invoice_042.jpg,Resize,75.45,Seller Tax ID,962-88-9077,962-88-9077,True,100.0
invoice_042.jpg,Resize,75.45,Client Tax ID,997-95-5690,997-95-5690,True,100.0
invoice_042.jpg,Resize,75.45,Seller IBAN,GB23TMKM50357047352524,GB23TMKM50357047352524,True,100.0
invoice_042.jpg,Resize,75.45,Net Worth,4963.41,4963.41,True,100.0
invoice_042.jpg,Resize,75.45,VAT,496.34,496.34,True,100.0
invoice_042.jpg,Resize,75.45,Gross Worth,5459.75,5453.75,False,85.71
invoice_042.jpg,Sharpen,64.56,Invoice Number,13407985,13407985,True,100.0
invoice_042.jpg,Sharpen,64.56,Invoice Date,11/22/2013,,False,0.0
invoice_042.jpg,Sharpen,64.56,Seller Tax ID,962-88-9077,997-95-5690,False,11.11
invoice_042.jpg,Sharpen,64.56,Client Tax ID,997-95-5690,,False,0.0
invoice_042.jpg,Sharpen,64.56,Seller IBAN,GB23TMKM50357047352524,GB231TMKM5035704735252,False,90.91
invoice_042.jpg,Sharpen,64.56,Net Worth,4963.41,4963.41,True,100.0
invoice_042.jpg,Sharpen,64.56,VAT,496.34,496.34,True,100.0
invoice_042.jpg,Sharpen,64.56,Gross Worth,5459.75,5453.75,False,85.71
invoice_043.jpg,Original,92.36,Invoice Number,99314100,99314100,True,100.0
invoice_043.jpg,Original,92.36,Invoice Date,06/25/2014,06/25/2014,True,100.0
invoice_043.jpg,Original,92.36,Seller Tax ID,993-76-1179,993-76-1179,True,100.0
invoice_043.jpg,Original,92.36,Client Tax ID,908-81-7850,908-81-7850,True,100.0
invoice_043.jpg,Original,92.36,Seller IBAN,GB20WFQR49970703277369,GB20WFQR49970703277369,True,100.0
invoice_043.jpg,Original,92.36,Net Worth,5975.75,5975.75,True,100.0
invoice_043.jpg,Original,92.36,VAT,597.58,597.58,True,100.0
invoice_043.jpg,Original,92.36,Gross Worth,6573.33,6573.33,True,100.0
invoice_043.jpg,Gray,92.36,Invoice Number,99314100,99314100,True,100.0
invoice_043.jpg,Gray,92.36,Invoice Date,06/25/2014,06/25/2014,True,100.0
invoice_043.jpg,Gray,92.36,Seller Tax ID,993-76-1179,993-76-1179,True,100.0
invoice_043.jpg,Gray,92.36,Client Tax ID,908-81-7850,908-81-7850,True,100.0
invoice_043.jpg,Gray,92.36,Seller IBAN,GB20WFQR49970703277369,GB20WFQR49970703277369,True,100.0
invoice_043.jpg,Gray,92.36,Net Worth,5975.75,5975.75,True,100.0
invoice_043.jpg,Gray,92.36,VAT,597.58,597.58,True,100.0
invoice_043.jpg,Gray,92.36,Gross Worth,6573.33,6573.33,True,100.0
invoice_043.jpg,Threshold,91.59,Invoice Number,99314100,99314100,True,100.0
invoice_043.jpg,Threshold,91.59,Invoice Date,06/25/2014,06/25/2014,True,100.0
invoice_043.jpg,Threshold,91.59,Seller Tax ID,993-76-1179,993-76-1179,True,100.0
invoice_043.jpg,Threshold,91.59,Client Tax ID,908-81-7850,908-81-7850,True,100.0
invoice_043.jpg,Threshold,91.59,Seller IBAN,GB20WFQR49970703277369,GB20WFQR49970703277369,True,100.0
invoice_043.jpg,Threshold,91.59,Net Worth,5975.75,5975.75,True,100.0
invoice_043.jpg,Threshold,91.59,VAT,597.58,597.58,True,100.0
invoice_043.jpg,Threshold,91.59,Gross Worth,6573.33,6573.33,True,100.0
invoice_043.jpg,Adaptive,61.18,Invoice Number,99314100,,False,0.0
invoice_043.jpg,Adaptive,61.18,Invoice Date,06/25/2014,06/25/2014,True,100.0
invoice_043.jpg,Adaptive,61.18,Seller Tax ID,993-76-1179,993-76-1179,True,100.0
invoice_043.jpg,Adaptive,61.18,Client Tax ID,908-81-7850,908-81-7850,True,100.0
invoice_043.jpg,Adaptive,61.18,Seller IBAN,GB20WFQR49970703277369,GB20WFQR49970703277369,True,100.0
invoice_043.jpg,Adaptive,61.18,Net Worth,5975.75,5975.75,True,100.0
invoice_043.jpg,Adaptive,61.18,VAT,597.58,597.58,True,100.0
invoice_043.jpg,Adaptive,61.18,Gross Worth,6573.33,573.33,False,85.71
invoice_043.jpg,Denoise,92.42,Invoice Number,99314100,99314100,True,100.0
invoice_043.jpg,Denoise,92.42,Invoice Date,06/25/2014,06/25/2014,True,100.0
invoice_043.jpg,Denoise,92.42,Seller Tax ID,993-76-1179,993-76-1179,True,100.0
invoice_043.jpg,Denoise,92.42,Client Tax ID,908-81-7850,908-81-7850,True,100.0
invoice_043.jpg,Denoise,92.42,Seller IBAN,GB20WFQR49970703277369,GB20WFQR49970703277369,True,100.0
invoice_043.jpg,Denoise,92.42,Net Worth,5975.75,5975.75,True,100.0
invoice_043.jpg,Denoise,92.42,VAT,597.58,597.58,True,100.0
invoice_043.jpg,Denoise,92.42,Gross Worth,6573.33,6573.33,True,100.0
invoice_043.jpg,Resize,93.49,Invoice Number,99314100,99314100,True,100.0
invoice_043.jpg,Resize,93.49,Invoice Date,06/25/2014,06/25/2014,True,100.0
invoice_043.jpg,Resize,93.49,Seller Tax ID,993-76-1179,993-76-1179,True,100.0
invoice_043.jpg,Resize,93.49,Client Tax ID,908-81-7850,908-81-7850,True,100.0
invoice_043.jpg,Resize,93.49,Seller IBAN,GB20WFQR49970703277369,,False,0.0
invoice_043.jpg,Resize,93.49,Net Worth,5975.75,5975.75,True,100.0
invoice_043.jpg,Resize,93.49,VAT,597.58,597.58,True,100.0
invoice_043.jpg,Resize,93.49,Gross Worth,6573.33,6573.33,True,100.0
invoice_043.jpg,Sharpen,90.85,Invoice Number,99314100,99314100,True,100.0
invoice_043.jpg,Sharpen,90.85,Invoice Date,06/25/2014,06/25/2014,True,100.0
invoice_043.jpg,Sharpen,90.85,Seller Tax ID,993-76-1179,993-76-1179,True,100.0
invoice_043.jpg,Sharpen,90.85,Client Tax ID,908-81-7850,908-81-7850,True,100.0
invoice_043.jpg,Sharpen,90.85,Seller IBAN,GB20WFQR49970703277369,GB20WFQR49970703277369,True,100.0
invoice_043.jpg,Sharpen,90.85,Net Worth,5975.75,5975.75,True,100.0
invoice_043.jpg,Sharpen,90.85,VAT,597.58,597.58,True,100.0
invoice_043.jpg,Sharpen,90.85,Gross Worth,6573.33,6573.33,True,100.0
invoice_044.jpg,Original,90.08,Invoice Number,81978187,81978187,True,100.0
invoice_044.jpg,Original,90.08,Invoice Date,01/17/2013,01/17/2013,True,100.0
invoice_044.jpg,Original,90.08,Seller Tax ID,957-92-5322,922-87-4664,False,11.11
invoice_044.jpg,Original,90.08,Client Tax ID,922-87-4664,,False,0.0
invoice_044.jpg,Original,90.08,Seller IBAN,GB91VPMR74805066714957,GB91VPMR74805066714957,True,100.0
invoice_044.jpg,Original,90.08,Net Worth,113.45,113.45,True,100.0
invoice_044.jpg,Original,90.08,VAT,11.34,11.34,True,100.0
invoice_044.jpg,Original,90.08,Gross Worth,124.79,124.79,True,100.0
invoice_044.jpg,Gray,90.04,Invoice Number,81978187,81978187,True,100.0
invoice_044.jpg,Gray,90.04,Invoice Date,01/17/2013,01/17/2013,True,100.0
invoice_044.jpg,Gray,90.04,Seller Tax ID,957-92-5322,922-87-4664,False,11.11
invoice_044.jpg,Gray,90.04,Client Tax ID,922-87-4664,,False,0.0
invoice_044.jpg,Gray,90.04,Seller IBAN,GB91VPMR74805066714957,GB91VPMR74805066714957,True,100.0
invoice_044.jpg,Gray,90.04,Net Worth,113.45,113.45,True,100.0
invoice_044.jpg,Gray,90.04,VAT,11.34,11.34,True,100.0
invoice_044.jpg,Gray,90.04,Gross Worth,124.79,124.79,True,100.0
invoice_044.jpg,Threshold,91.07,Invoice Number,81978187,81978187,True,100.0
invoice_044.jpg,Threshold,91.07,Invoice Date,01/17/2013,01/17/2013,True,100.0
invoice_044.jpg,Threshold,91.07,Seller Tax ID,957-92-5322,922-87-4664,False,11.11
invoice_044.jpg,Threshold,91.07,Client Tax ID,922-87-4664,,False,0.0
invoice_044.jpg,Threshold,91.07,Seller IBAN,GB91VPMR74805066714957,GB91VPMR74805066714957,True,100.0
invoice_044.jpg,Threshold,91.07,Net Worth,113.45,113.45,True,100.0
invoice_044.jpg,Threshold,91.07,VAT,11.34,11.34,True,100.0
invoice_044.jpg,Threshold,91.07,Gross Worth,124.79,124.79,True,100.0
invoice_044.jpg,Adaptive,25.94,Invoice Number,81978187,,False,0.0
invoice_044.jpg,Adaptive,25.94,Invoice Date,01/17/2013,,False,0.0
invoice_044.jpg,Adaptive,25.94,Seller Tax ID,957-92-5322,,False,0.0
invoice_044.jpg,Adaptive,25.94,Client Tax ID,922-87-4664,,False,0.0
invoice_044.jpg,Adaptive,25.94,Seller IBAN,GB91VPMR74805066714957,GB91VPMR74805066714957,True,100.0
invoice_044.jpg,Adaptive,25.94,Net Worth,113.45,,False,0.0
invoice_044.jpg,Adaptive,25.94,VAT,11.34,,False,0.0
invoice_044.jpg,Adaptive,25.94,Gross Worth,124.79,,False,0.0
invoice_044.jpg,Denoise,91.69,Invoice Number,81978187,81978187,True,100.0
invoice_044.jpg,Denoise,91.69,Invoice Date,01/17/2013,01/17/2013,True,100.0
invoice_044.jpg,Denoise,91.69,Seller Tax ID,957-92-5322,922-87-4664,False,11.11
invoice_044.jpg,Denoise,91.69,Client Tax ID,922-87-4664,,False,0.0
invoice_044.jpg,Denoise,91.69,Seller IBAN,GB91VPMR74805066714957,GB91VPMR74805066714957,True,100.0
invoice_044.jpg,Denoise,91.69,Net Worth,113.45,113.45,True,100.0
invoice_044.jpg,Denoise,91.69,VAT,11.34,11.34,True,100.0
invoice_044.jpg,Denoise,91.69,Gross Worth,124.79,124.79,True,100.0
invoice_044.jpg,Resize,37.05,Invoice Number,81978187,81978187,True,100.0
invoice_044.jpg,Resize,37.05,Invoice Date,01/17/2013,,False,0.0
invoice_044.jpg,Resize,37.05,Seller Tax ID,957-92-5322,957-92-5322,True,100.0
invoice_044.jpg,Resize,37.05,Client Tax ID,922-87-4664,,False,0.0
invoice_044.jpg,Resize,37.05,Seller IBAN,GB91VPMR74805066714957,GB91VPMR74805066714957,True,100.0
invoice_044.jpg,Resize,37.05,Net Worth,113.45,113.45,True,100.0
invoice_044.jpg,Resize,37.05,VAT,11.34,11.34,True,100.0
invoice_044.jpg,Resize,37.05,Gross Worth,124.79,124.79,True,100.0
invoice_044.jpg,Sharpen,90.32,Invoice Number,81978187,81978187,True,100.0
invoice_044.jpg,Sharpen,90.32,Invoice Date,01/17/2013,01/17/2013,True,100.0
invoice_044.jpg,Sharpen,90.32,Seller Tax ID,957-92-5322,922-87-4664,False,11.11
invoice_044.jpg,Sharpen,90.32,Client Tax ID,922-87-4664,,False,0.0
invoice_044.jpg,Sharpen,90.32,Seller IBAN,GB91VPMR74805066714957,GB91VPMR74805066714957,True,100.0
invoice_044.jpg,Sharpen,90.32,Net Worth,113.45,113.45,True,100.0
invoice_044.jpg,Sharpen,90.32,VAT,11.34,11.34,True,100.0
invoice_044.jpg,Sharpen,90.32,Gross Worth,124.79,124.79,True,100.0
invoice_045.jpg,Original,91.55,Invoice Number,74589240,74589240,True,100.0
invoice_045.jpg,Original,91.55,Invoice Date,12/08/2013,12/08/2013,True,100.0
invoice_045.jpg,Original,91.55,Seller Tax ID,977-76-9492,977-76-9492,True,100.0
invoice_045.jpg,Original,91.55,Client Tax ID,981-73-4585,981-73-4585,True,100.0
invoice_045.jpg,Original,91.55,Seller IBAN,GB51FSWB55572342266497,GB51FSWB55572342266497,True,100.0
invoice_045.jpg,Original,91.55,Net Worth,11794.44,11794.44,True,100.0
invoice_045.jpg,Original,91.55,VAT,1179.44,1179.44,True,100.0
invoice_045.jpg,Original,91.55,Gross Worth,12973.88,12973.88,True,100.0
invoice_045.jpg,Gray,91.55,Invoice Number,74589240,74589240,True,100.0
invoice_045.jpg,Gray,91.55,Invoice Date,12/08/2013,12/08/2013,True,100.0
invoice_045.jpg,Gray,91.55,Seller Tax ID,977-76-9492,977-76-9492,True,100.0
invoice_045.jpg,Gray,91.55,Client Tax ID,981-73-4585,981-73-4585,True,100.0
invoice_045.jpg,Gray,91.55,Seller IBAN,GB51FSWB55572342266497,GB51FSWB55572342266497,True,100.0
invoice_045.jpg,Gray,91.55,Net Worth,11794.44,11794.44,True,100.0
invoice_045.jpg,Gray,91.55,VAT,1179.44,1179.44,True,100.0
invoice_045.jpg,Gray,91.55,Gross Worth,12973.88,12973.88,True,100.0
invoice_045.jpg,Threshold,92.43,Invoice Number,74589240,74589240,True,100.0
invoice_045.jpg,Threshold,92.43,Invoice Date,12/08/2013,12/08/2013,True,100.0
invoice_045.jpg,Threshold,92.43,Seller Tax ID,977-76-9492,977-76-9492,True,100.0
invoice_045.jpg,Threshold,92.43,Client Tax ID,981-73-4585,981-73-4585,True,100.0
invoice_045.jpg,Threshold,92.43,Seller IBAN,GB51FSWB55572342266497,GB51FSWB55572342266497,True,100.0
invoice_045.jpg,Threshold,92.43,Net Worth,11794.44,11794.44,True,100.0
invoice_045.jpg,Threshold,92.43,VAT,1179.44,1179.44,True,100.0
invoice_045.jpg,Threshold,92.43,Gross Worth,12973.88,12973.88,True,100.0
invoice_045.jpg,Adaptive,47.13,Invoice Number,74589240,,False,0.0
invoice_045.jpg,Adaptive,47.13,Invoice Date,12/08/2013,,False,0.0
invoice_045.jpg,Adaptive,47.13,Seller Tax ID,977-76-9492,,False,0.0
invoice_045.jpg,Adaptive,47.13,Client Tax ID,981-73-4585,,False,0.0
invoice_045.jpg,Adaptive,47.13,Seller IBAN,GB51FSWB55572342266497,GB51FSWB55572342266497,True,100.0
invoice_045.jpg,Adaptive,47.13,Net Worth,11794.44,,False,0.0
invoice_045.jpg,Adaptive,47.13,VAT,1179.44,,False,0.0
invoice_045.jpg,Adaptive,47.13,Gross Worth,12973.88,,False,0.0
invoice_045.jpg,Denoise,91.59,Invoice Number,74589240,74589240,True,100.0
invoice_045.jpg,Denoise,91.59,Invoice Date,12/08/2013,12/08/2013,True,100.0
invoice_045.jpg,Denoise,91.59,Seller Tax ID,977-76-9492,977-76-9492,True,100.0
invoice_045.jpg,Denoise,91.59,Client Tax ID,981-73-4585,981-73-4585,True,100.0
invoice_045.jpg,Denoise,91.59,Seller IBAN,GB51FSWB55572342266497,GB51FSWB55572342266497,True,100.0
invoice_045.jpg,Denoise,91.59,Net Worth,11794.44,11794.44,True,100.0
invoice_045.jpg,Denoise,91.59,VAT,1179.44,1179.44,True,100.0
invoice_045.jpg,Denoise,91.59,Gross Worth,12973.88,12973.88,True,100.0
invoice_045.jpg,Resize,93.41,Invoice Number,74589240,74589240,True,100.0
invoice_045.jpg,Resize,93.41,Invoice Date,12/08/2013,12/08/2013,True,100.0
invoice_045.jpg,Resize,93.41,Seller Tax ID,977-76-9492,977-76-9492,True,100.0
invoice_045.jpg,Resize,93.41,Client Tax ID,981-73-4585,981-73-4585,True,100.0
invoice_045.jpg,Resize,93.41,Seller IBAN,GB51FSWB55572342266497,GB51FSWB55572342266497,True,100.0
invoice_045.jpg,Resize,93.41,Net Worth,11794.44,11794.44,True,100.0
invoice_045.jpg,Resize,93.41,VAT,1179.44,1179.44,True,100.0
invoice_045.jpg,Resize,93.41,Gross Worth,12973.88,12973.88,True,100.0
invoice_045.jpg,Sharpen,86.82,Invoice Number,74589240,74589240,True,100.0
invoice_045.jpg,Sharpen,86.82,Invoice Date,12/08/2013,12/08/2013,True,100.0
invoice_045.jpg,Sharpen,86.82,Seller Tax ID,977-76-9492,977-76-9492,True,100.0
invoice_045.jpg,Sharpen,86.82,Client Tax ID,981-73-4585,981-73-4585,True,100.0
invoice_045.jpg,Sharpen,86.82,Seller IBAN,GB51FSWB55572342266497,GB51FSWB55572342266497,True,100.0
invoice_045.jpg,Sharpen,86.82,Net Worth,11794.44,11794.44,True,100.0
invoice_045.jpg,Sharpen,86.82,VAT,1179.44,1179.44,True,100.0
invoice_045.jpg,Sharpen,86.82,Gross Worth,12973.88,12973.88,True,100.0
invoice_046.jpg,Original,92.97,Invoice Number,72128555,72128555,True,100.0
invoice_046.jpg,Original,92.97,Invoice Date,12/25/2013,12/25/2013,True,100.0
invoice_046.jpg,Original,92.97,Seller Tax ID,905-82-5399,905-82-5399,True,100.0
invoice_046.jpg,Original,92.97,Client Tax ID,917-86-7656,917-86-7656,True,100.0
invoice_046.jpg,Original,92.97,Seller IBAN,GB71QMAA96406297569205,GB71QMAA96406297569205,True,100.0
invoice_046.jpg,Original,92.97,Net Worth,665.76,665.76,True,100.0
invoice_046.jpg,Original,92.97,VAT,66.58,66.58,True,100.0
invoice_046.jpg,Original,92.97,Gross Worth,732.34,732.34,True,100.0
invoice_046.jpg,Gray,92.97,Invoice Number,72128555,72128555,True,100.0
invoice_046.jpg,Gray,92.97,Invoice Date,12/25/2013,12/25/2013,True,100.0
invoice_046.jpg,Gray,92.97,Seller Tax ID,905-82-5399,905-82-5399,True,100.0
invoice_046.jpg,Gray,92.97,Client Tax ID,917-86-7656,917-86-7656,True,100.0
invoice_046.jpg,Gray,92.97,Seller IBAN,GB71QMAA96406297569205,GB71QMAA96406297569205,True,100.0
invoice_046.jpg,Gray,92.97,Net Worth,665.76,665.76,True,100.0
invoice_046.jpg,Gray,92.97,VAT,66.58,66.58,True,100.0
invoice_046.jpg,Gray,92.97,Gross Worth,732.34,732.34,True,100.0
invoice_046.jpg,Threshold,94.27,Invoice Number,72128555,72128555,True,100.0
invoice_046.jpg,Threshold,94.27,Invoice Date,12/25/2013,12/25/2013,True,100.0
invoice_046.jpg,Threshold,94.27,Seller Tax ID,905-82-5399,905-82-5399,True,100.0
invoice_046.jpg,Threshold,94.27,Client Tax ID,917-86-7656,917-86-7656,True,100.0
invoice_046.jpg,Threshold,94.27,Seller IBAN,GB71QMAA96406297569205,GB71QMAA96406297569205,True,100.0
invoice_046.jpg,Threshold,94.27,Net Worth,665.76,665.76,True,100.0
invoice_046.jpg,Threshold,94.27,VAT,66.58,66.58,True,100.0
invoice_046.jpg,Threshold,94.27,Gross Worth,732.34,732.34,True,100.0
invoice_046.jpg,Adaptive,49.53,Invoice Number,72128555,,False,0.0
invoice_046.jpg,Adaptive,49.53,Invoice Date,12/25/2013,,False,0.0
invoice_046.jpg,Adaptive,49.53,Seller Tax ID,905-82-5399,905-82-5399,True,100.0
invoice_046.jpg,Adaptive,49.53,Client Tax ID,917-86-7656,917-86-7656,True,100.0
invoice_046.jpg,Adaptive,49.53,Seller IBAN,GB71QMAA96406297569205,GB71QMAA96406297569205,True,100.0
invoice_046.jpg,Adaptive,49.53,Net Worth,665.76,,False,0.0
invoice_046.jpg,Adaptive,49.53,VAT,66.58,,False,0.0
invoice_046.jpg,Adaptive,49.53,Gross Worth,732.34,,False,0.0
invoice_046.jpg,Denoise,93.5,Invoice Number,72128555,72128555,True,100.0
invoice_046.jpg,Denoise,93.5,Invoice Date,12/25/2013,12/25/2013,True,100.0
invoice_046.jpg,Denoise,93.5,Seller Tax ID,905-82-5399,905-82-5399,True,100.0
invoice_046.jpg,Denoise,93.5,Client Tax ID,917-86-7656,917-86-7656,True,100.0
invoice_046.jpg,Denoise,93.5,Seller IBAN,GB71QMAA96406297569205,GB71QMAA96406297569205,True,100.0
invoice_046.jpg,Denoise,93.5,Net Worth,665.76,665.76,True,100.0
invoice_046.jpg,Denoise,93.5,VAT,66.58,66.58,True,100.0
invoice_046.jpg,Denoise,93.5,Gross Worth,732.34,732.34,True,100.0
invoice_046.jpg,Resize,92.66,Invoice Number,72128555,72128555,True,100.0
invoice_046.jpg,Resize,92.66,Invoice Date,12/25/2013,12/25/2013,True,100.0
invoice_046.jpg,Resize,92.66,Seller Tax ID,905-82-5399,905-82-5399,True,100.0
invoice_046.jpg,Resize,92.66,Client Tax ID,917-86-7656,917-86-7656,True,100.0
invoice_046.jpg,Resize,92.66,Seller IBAN,GB71QMAA96406297569205,GB71QMAA96406297569205,True,100.0
invoice_046.jpg,Resize,92.66,Net Worth,665.76,665.76,True,100.0
invoice_046.jpg,Resize,92.66,VAT,66.58,66.58,True,100.0
invoice_046.jpg,Resize,92.66,Gross Worth,732.34,732.34,True,100.0
invoice_046.jpg,Sharpen,91.54,Invoice Number,72128555,72128555,True,100.0
invoice_046.jpg,Sharpen,91.54,Invoice Date,12/25/2013,12/25/2013,True,100.0
invoice_046.jpg,Sharpen,91.54,Seller Tax ID,905-82-5399,905-82-5399,True,100.0
invoice_046.jpg,Sharpen,91.54,Client Tax ID,917-86-7656,917-86-7656,True,100.0
invoice_046.jpg,Sharpen,91.54,Seller IBAN,GB71QMAA96406297569205,GB71QMAA96406297569205,True,100.0
invoice_046.jpg,Sharpen,91.54,Net Worth,665.76,665.76,True,100.0
invoice_046.jpg,Sharpen,91.54,VAT,66.58,66.58,True,100.0
invoice_046.jpg,Sharpen,91.54,Gross Worth,732.34,732.34,True,100.0
invoice_047.jpg,Original,93.51,Invoice Number,89969473,89969473,True,100.0
invoice_047.jpg,Original,93.51,Invoice Date,10/29/2016,10/29/2016,True,100.0
invoice_047.jpg,Original,93.51,Seller Tax ID,972-82-0713,972-82-0713,True,100.0
invoice_047.jpg,Original,93.51,Client Tax ID,944-77-3882,944-77-3882,True,100.0
invoice_047.jpg,Original,93.51,Seller IBAN,GB71GBDG68039919194335,GB71GBDG68039919194335,True,100.0
invoice_047.jpg,Original,93.51,Net Worth,725.37,725.37,True,100.0
invoice_047.jpg,Original,93.51,VAT,72.54,72.54,True,100.0
invoice_047.jpg,Original,93.51,Gross Worth,797.91,797.91,True,100.0
invoice_047.jpg,Gray,93.53,Invoice Number,89969473,89969473,True,100.0
invoice_047.jpg,Gray,93.53,Invoice Date,10/29/2016,10/29/2016,True,100.0
invoice_047.jpg,Gray,93.53,Seller Tax ID,972-82-0713,972-82-0713,True,100.0
invoice_047.jpg,Gray,93.53,Client Tax ID,944-77-3882,944-77-3882,True,100.0
invoice_047.jpg,Gray,93.53,Seller IBAN,GB71GBDG68039919194335,GB71GBDG68039919194335,True,100.0
invoice_047.jpg,Gray,93.53,Net Worth,725.37,725.37,True,100.0
invoice_047.jpg,Gray,93.53,VAT,72.54,72.54,True,100.0
invoice_047.jpg,Gray,93.53,Gross Worth,797.91,797.91,True,100.0
invoice_047.jpg,Threshold,92.31,Invoice Number,89969473,89969473,True,100.0
invoice_047.jpg,Threshold,92.31,Invoice Date,10/29/2016,10/29/2016,True,100.0
invoice_047.jpg,Threshold,92.31,Seller Tax ID,972-82-0713,972-82-0713,True,100.0
invoice_047.jpg,Threshold,92.31,Client Tax ID,944-77-3882,944-77-3882,True,100.0
invoice_047.jpg,Threshold,92.31,Seller IBAN,GB71GBDG68039919194335,GB71GBDG68039919194335,True,100.0
invoice_047.jpg,Threshold,92.31,Net Worth,725.37,725.37,True,100.0
invoice_047.jpg,Threshold,92.31,VAT,72.54,72.54,True,100.0
invoice_047.jpg,Threshold,92.31,Gross Worth,797.91,797.91,True,100.0
invoice_047.jpg,Adaptive,56.5,Invoice Number,89969473,,False,0.0
invoice_047.jpg,Adaptive,56.5,Invoice Date,10/29/2016,,False,0.0
invoice_047.jpg,Adaptive,56.5,Seller Tax ID,972-82-0713,972-82-0713,True,100.0
invoice_047.jpg,Adaptive,56.5,Client Tax ID,944-77-3882,,False,0.0
invoice_047.jpg,Adaptive,56.5,Seller IBAN,GB71GBDG68039919194335,GB71GBDG68039919194335,True,100.0
invoice_047.jpg,Adaptive,56.5,Net Worth,725.37,725.37,True,100.0
invoice_047.jpg,Adaptive,56.5,VAT,72.54,72.54,True,100.0
invoice_047.jpg,Adaptive,56.5,Gross Worth,797.91,797.91,True,100.0
invoice_047.jpg,Denoise,93.94,Invoice Number,89969473,89969473,True,100.0
invoice_047.jpg,Denoise,93.94,Invoice Date,10/29/2016,10/29/2016,True,100.0
invoice_047.jpg,Denoise,93.94,Seller Tax ID,972-82-0713,972-82-0713,True,100.0
invoice_047.jpg,Denoise,93.94,Client Tax ID,944-77-3882,944-77-3882,True,100.0
invoice_047.jpg,Denoise,93.94,Seller IBAN,GB71GBDG68039919194335,GB71GBDG68039919194335,True,100.0
invoice_047.jpg,Denoise,93.94,Net Worth,725.37,725.37,True,100.0
invoice_047.jpg,Denoise,93.94,VAT,72.54,72.54,True,100.0
invoice_047.jpg,Denoise,93.94,Gross Worth,797.91,797.91,True,100.0
invoice_047.jpg,Resize,94.26,Invoice Number,89969473,89969473,True,100.0
invoice_047.jpg,Resize,94.26,Invoice Date,10/29/2016,10/29/2016,True,100.0
invoice_047.jpg,Resize,94.26,Seller Tax ID,972-82-0713,972-82-0713,True,100.0
invoice_047.jpg,Resize,94.26,Client Tax ID,944-77-3882,944-77-3882,True,100.0
invoice_047.jpg,Resize,94.26,Seller IBAN,GB71GBDG68039919194335,GB71GBDG68039919194335,True,100.0
invoice_047.jpg,Resize,94.26,Net Worth,725.37,725.37,True,100.0
invoice_047.jpg,Resize,94.26,VAT,72.54,72.54,True,100.0
invoice_047.jpg,Resize,94.26,Gross Worth,797.91,797.91,True,100.0
invoice_047.jpg,Sharpen,92.87,Invoice Number,89969473,89969473,True,100.0
invoice_047.jpg,Sharpen,92.87,Invoice Date,10/29/2016,10/29/2016,True,100.0
invoice_047.jpg,Sharpen,92.87,Seller Tax ID,972-82-0713,972-82-0713,True,100.0
invoice_047.jpg,Sharpen,92.87,Client Tax ID,944-77-3882,944-77-3882,True,100.0
invoice_047.jpg,Sharpen,92.87,Seller IBAN,GB71GBDG68039919194335,GB71GBDG68039919194335,True,100.0
invoice_047.jpg,Sharpen,92.87,Net Worth,725.37,725.37,True,100.0
invoice_047.jpg,Sharpen,92.87,VAT,72.54,72.54,True,100.0
invoice_047.jpg,Sharpen,92.87,Gross Worth,797.91,797.91,True,100.0
invoice_048.jpg,Original,93.81,Invoice Number,16273983,16273983,True,100.0
invoice_048.jpg,Original,93.81,Invoice Date,04/01/2017,04/01/2017,True,100.0
invoice_048.jpg,Original,93.81,Seller Tax ID,909-83-7738,909-83-7738,True,100.0
invoice_048.jpg,Original,93.81,Client Tax ID,901-88-0463,901-88-0463,True,100.0
invoice_048.jpg,Original,93.81,Seller IBAN,GB96VWUL52026848004193,GB96VWUL52026848004193,True,100.0
invoice_048.jpg,Original,93.81,Net Worth,744.60,744.60,True,100.0
invoice_048.jpg,Original,93.81,VAT,74.46,74.46,True,100.0
invoice_048.jpg,Original,93.81,Gross Worth,819.06,819.06,True,100.0
invoice_048.jpg,Gray,93.81,Invoice Number,16273983,16273983,True,100.0
invoice_048.jpg,Gray,93.81,Invoice Date,04/01/2017,04/01/2017,True,100.0
invoice_048.jpg,Gray,93.81,Seller Tax ID,909-83-7738,909-83-7738,True,100.0
invoice_048.jpg,Gray,93.81,Client Tax ID,901-88-0463,901-88-0463,True,100.0
invoice_048.jpg,Gray,93.81,Seller IBAN,GB96VWUL52026848004193,GB96VWUL52026848004193,True,100.0
invoice_048.jpg,Gray,93.81,Net Worth,744.60,744.60,True,100.0
invoice_048.jpg,Gray,93.81,VAT,74.46,74.46,True,100.0
invoice_048.jpg,Gray,93.81,Gross Worth,819.06,819.06,True,100.0
invoice_048.jpg,Threshold,94.1,Invoice Number,16273983,16273983,True,100.0
invoice_048.jpg,Threshold,94.1,Invoice Date,04/01/2017,04/01/2017,True,100.0
invoice_048.jpg,Threshold,94.1,Seller Tax ID,909-83-7738,909-83-7738,True,100.0
invoice_048.jpg,Threshold,94.1,Client Tax ID,901-88-0463,901-88-0463,True,100.0
invoice_048.jpg,Threshold,94.1,Seller IBAN,GB96VWUL52026848004193,GB96VWUL52026848004193,True,100.0
invoice_048.jpg,Threshold,94.1,Net Worth,744.60,744.60,True,100.0
invoice_048.jpg,Threshold,94.1,VAT,74.46,74.46,True,100.0
invoice_048.jpg,Threshold,94.1,Gross Worth,819.06,819.06,True,100.0
invoice_048.jpg,Adaptive,49.57,Invoice Number,16273983,,False,0.0
invoice_048.jpg,Adaptive,49.57,Invoice Date,04/01/2017,,False,0.0
invoice_048.jpg,Adaptive,49.57,Seller Tax ID,909-83-7738,,False,0.0
invoice_048.jpg,Adaptive,49.57,Client Tax ID,901-88-0463,,False,0.0
invoice_048.jpg,Adaptive,49.57,Seller IBAN,GB96VWUL52026848004193,GB96VWUL52026848004193,True,100.0
invoice_048.jpg,Adaptive,49.57,Net Worth,744.60,26.41,False,16.67
invoice_048.jpg,Adaptive,49.57,VAT,74.46,744.60,False,50.0
invoice_048.jpg,Adaptive,49.57,Gross Worth,819.06,174.40,False,16.67
invoice_048.jpg,Denoise,93.87,Invoice Number,16273983,16273983,True,100.0
invoice_048.jpg,Denoise,93.87,Invoice Date,04/01/2017,04/01/2017,True,100.0
invoice_048.jpg,Denoise,93.87,Seller Tax ID,909-83-7738,909-83-7738,True,100.0
invoice_048.jpg,Denoise,93.87,Client Tax ID,901-88-0463,901-88-0463,True,100.0
invoice_048.jpg,Denoise,93.87,Seller IBAN,GB96VWUL52026848004193,GB96VWUL52026848004193,True,100.0
invoice_048.jpg,Denoise,93.87,Net Worth,744.60,744.60,True,100.0
invoice_048.jpg,Denoise,93.87,VAT,74.46,74.46,True,100.0
invoice_048.jpg,Denoise,93.87,Gross Worth,819.06,819.06,True,100.0
invoice_048.jpg,Resize,93.76,Invoice Number,16273983,16273983,True,100.0
invoice_048.jpg,Resize,93.76,Invoice Date,04/01/2017,04/01/2017,True,100.0
invoice_048.jpg,Resize,93.76,Seller Tax ID,909-83-7738,909-83-7738,True,100.0
invoice_048.jpg,Resize,93.76,Client Tax ID,901-88-0463,901-88-0463,True,100.0
invoice_048.jpg,Resize,93.76,Seller IBAN,GB96VWUL52026848004193,GB96VWUL52026848004193,True,100.0
invoice_048.jpg,Resize,93.76,Net Worth,744.60,744.60,True,100.0
invoice_048.jpg,Resize,93.76,VAT,74.46,74.46,True,100.0
invoice_048.jpg,Resize,93.76,Gross Worth,819.06,819.06,True,100.0
invoice_048.jpg,Sharpen,93.91,Invoice Number,16273983,16273983,True,100.0
invoice_048.jpg,Sharpen,93.91,Invoice Date,04/01/2017,04/01/2017,True,100.0
invoice_048.jpg,Sharpen,93.91,Seller Tax ID,909-83-7738,909-83-7738,True,100.0
invoice_048.jpg,Sharpen,93.91,Client Tax ID,901-88-0463,901-88-0463,True,100.0
invoice_048.jpg,Sharpen,93.91,Seller IBAN,GB96VWUL52026848004193,GB96VWUL52026848004193,True,100.0
invoice_048.jpg,Sharpen,93.91,Net Worth,744.60,744.60,True,100.0
invoice_048.jpg,Sharpen,93.91,VAT,74.46,74.46,True,100.0
invoice_048.jpg,Sharpen,93.91,Gross Worth,819.06,819.06,True,100.0
invoice_049.jpg,Original,93.06,Invoice Number,19471831,19471831,True,100.0
invoice_049.jpg,Original,93.06,Invoice Date,04/09/2014,04/09/2014,True,100.0
invoice_049.jpg,Original,93.06,Seller Tax ID,924-71-1106,924-71-1106,True,100.0
invoice_049.jpg,Original,93.06,Client Tax ID,922-72-5979,922-72-5979,True,100.0
invoice_049.jpg,Original,93.06,Seller IBAN,GBO5YUTG50853913677557,,False,0.0
invoice_049.jpg,Original,93.06,Net Worth,40677.81,40677.81,True,100.0
invoice_049.jpg,Original,93.06,VAT,4067.78,4067.78,True,100.0
invoice_049.jpg,Original,93.06,Gross Worth,44745.59,44745.59,True,100.0
invoice_049.jpg,Gray,93.06,Invoice Number,19471831,19471831,True,100.0
invoice_049.jpg,Gray,93.06,Invoice Date,04/09/2014,04/09/2014,True,100.0
invoice_049.jpg,Gray,93.06,Seller Tax ID,924-71-1106,924-71-1106,True,100.0
invoice_049.jpg,Gray,93.06,Client Tax ID,922-72-5979,922-72-5979,True,100.0
invoice_049.jpg,Gray,93.06,Seller IBAN,GBO5YUTG50853913677557,,False,0.0
invoice_049.jpg,Gray,93.06,Net Worth,40677.81,40677.81,True,100.0
invoice_049.jpg,Gray,93.06,VAT,4067.78,4067.78,True,100.0
invoice_049.jpg,Gray,93.06,Gross Worth,44745.59,44745.59,True,100.0
invoice_049.jpg,Threshold,91.92,Invoice Number,19471831,19471831,True,100.0
invoice_049.jpg,Threshold,91.92,Invoice Date,04/09/2014,04/09/2014,True,100.0
invoice_049.jpg,Threshold,91.92,Seller Tax ID,924-71-1106,924-71-1106,True,100.0
invoice_049.jpg,Threshold,91.92,Client Tax ID,922-72-5979,922-72-5979,True,100.0
invoice_049.jpg,Threshold,91.92,Seller IBAN,GBO5YUTG50853913677557,,False,0.0
invoice_049.jpg,Threshold,91.92,Net Worth,40677.81,40677.81,True,100.0
invoice_049.jpg,Threshold,91.92,VAT,4067.78,4067.78,True,100.0
invoice_049.jpg,Threshold,91.92,Gross Worth,44745.59,44745.59,True,100.0
invoice_049.jpg,Adaptive,53.47,Invoice Number,19471831,,False,0.0
invoice_049.jpg,Adaptive,53.47,Invoice Date,04/09/2014,,False,0.0
invoice_049.jpg,Adaptive,53.47,Seller Tax ID,924-71-1106,,False,0.0
invoice_049.jpg,Adaptive,53.47,Client Tax ID,922-72-5979,,False,0.0
invoice_049.jpg,Adaptive,53.47,Seller IBAN,GBO5YUTG50853913677557,,False,0.0
invoice_049.jpg,Adaptive,53.47,Net Worth,40677.81,7.78,False,25.0
invoice_049.jpg,Adaptive,53.47,VAT,4067.78,44.74,False,42.86
invoice_049.jpg,Adaptive,53.47,Gross Worth,44745.59,5.59,False,50.0
invoice_049.jpg,Denoise,93.26,Invoice Number,19471831,19471831,True,100.0
invoice_049.jpg,Denoise,93.26,Invoice Date,04/09/2014,04/09/2014,True,100.0
invoice_049.jpg,Denoise,93.26,Seller Tax ID,924-71-1106,924-71-1106,True,100.0
invoice_049.jpg,Denoise,93.26,Client Tax ID,922-72-5979,922-72-5979,True,100.0
invoice_049.jpg,Denoise,93.26,Seller IBAN,GBO5YUTG50853913677557,,False,0.0
invoice_049.jpg,Denoise,93.26,Net Worth,40677.81,40677.81,True,100.0
invoice_049.jpg,Denoise,93.26,VAT,4067.78,4067.78,True,100.0
invoice_049.jpg,Denoise,93.26,Gross Worth,44745.59,44745.59,True,100.0
invoice_049.jpg,Resize,94.17,Invoice Number,19471831,19471831,True,100.0
invoice_049.jpg,Resize,94.17,Invoice Date,04/09/2014,04/09/2014,True,100.0
invoice_049.jpg,Resize,94.17,Seller Tax ID,924-71-1106,924-71-1106,True,100.0
invoice_049.jpg,Resize,94.17,Client Tax ID,922-72-5979,922-72-5979,True,100.0
invoice_049.jpg,Resize,94.17,Seller IBAN,GBO5YUTG50853913677557,,False,0.0
invoice_049.jpg,Resize,94.17,Net Worth,40677.81,40677.81,True,100.0
invoice_049.jpg,Resize,94.17,VAT,4067.78,4067.78,True,100.0
invoice_049.jpg,Resize,94.17,Gross Worth,44745.59,44745.59,True,100.0
invoice_049.jpg,Sharpen,92.79,Invoice Number,19471831,19471831,True,100.0
invoice_049.jpg,Sharpen,92.79,Invoice Date,04/09/2014,04/09/2014,True,100.0
invoice_049.jpg,Sharpen,92.79,Seller Tax ID,924-71-1106,924-71-1106,True,100.0
invoice_049.jpg,Sharpen,92.79,Client Tax ID,922-72-5979,922-72-5979,True,100.0
invoice_049.jpg,Sharpen,92.79,Seller IBAN,GBO5YUTG50853913677557,,False,0.0
invoice_049.jpg,Sharpen,92.79,Net Worth,40677.81,40677.81,True,100.0
invoice_049.jpg,Sharpen,92.79,VAT,4067.78,4067.78,True,100.0
invoice_049.jpg,Sharpen,92.79,Gross Worth,44745.59,44745.59,True,100.0
invoice_050.jpg,Original,89.48,Invoice Number,12847181,12847181,True,100.0
invoice_050.jpg,Original,89.48,Invoice Date,03/03/2012,03/03/2012,True,100.0
invoice_050.jpg,Original,89.48,Seller Tax ID,998-99-5253,998-99-5253,True,100.0
invoice_050.jpg,Original,89.48,Client Tax ID,911-82-7132,911-82-7132,True,100.0
invoice_050.jpg,Original,89.48,Seller IBAN,GB92PBPQ73499358975916,GB92PBPQ73499358975916,True,100.0
invoice_050.jpg,Original,89.48,Net Worth,6236.77,,False,0.0
invoice_050.jpg,Original,89.48,VAT,623.68,,False,0.0
invoice_050.jpg,Original,89.48,Gross Worth,6860.45,,False,0.0
invoice_050.jpg,Gray,89.48,Invoice Number,12847181,12847181,True,100.0
invoice_050.jpg,Gray,89.48,Invoice Date,03/03/2012,03/03/2012,True,100.0
invoice_050.jpg,Gray,89.48,Seller Tax ID,998-99-5253,998-99-5253,True,100.0
invoice_050.jpg,Gray,89.48,Client Tax ID,911-82-7132,911-82-7132,True,100.0
invoice_050.jpg,Gray,89.48,Seller IBAN,GB92PBPQ73499358975916,GB92PBPQ73499358975916,True,100.0
invoice_050.jpg,Gray,89.48,Net Worth,6236.77,,False,0.0
invoice_050.jpg,Gray,89.48,VAT,623.68,,False,0.0
invoice_050.jpg,Gray,89.48,Gross Worth,6860.45,,False,0.0
invoice_050.jpg,Threshold,94.15,Invoice Number,12847181,12847181,True,100.0
invoice_050.jpg,Threshold,94.15,Invoice Date,03/03/2012,03/03/2012,True,100.0
invoice_050.jpg,Threshold,94.15,Seller Tax ID,998-99-5253,998-99-5253,True,100.0
invoice_050.jpg,Threshold,94.15,Client Tax ID,911-82-7132,911-82-7132,True,100.0
invoice_050.jpg,Threshold,94.15,Seller IBAN,GB92PBPQ73499358975916,GB92PBPQ73499358975916,True,100.0
invoice_050.jpg,Threshold,94.15,Net Worth,6236.77,6236.77,True,100.0
invoice_050.jpg,Threshold,94.15,VAT,623.68,623.68,True,100.0
invoice_050.jpg,Threshold,94.15,Gross Worth,6860.45,6860.45,True,100.0
invoice_050.jpg,Adaptive,43.79,Invoice Number,12847181,,False,0.0
invoice_050.jpg,Adaptive,43.79,Invoice Date,03/03/2012,,False,0.0
invoice_050.jpg,Adaptive,43.79,Seller Tax ID,998-99-5253,,False,0.0
invoice_050.jpg,Adaptive,43.79,Client Tax ID,911-82-7132,,False,0.0
invoice_050.jpg,Adaptive,43.79,Seller IBAN,GB92PBPQ73499358975916,GB92PBPQ73499358975916,True,100.0
invoice_050.jpg,Adaptive,43.79,Net Worth,6236.77,,False,0.0
invoice_050.jpg,Adaptive,43.79,VAT,623.68,,False,0.0
invoice_050.jpg,Adaptive,43.79,Gross Worth,6860.45,,False,0.0
invoice_050.jpg,Denoise,90.77,Invoice Number,12847181,12847181,True,100.0
invoice_050.jpg,Denoise,90.77,Invoice Date,03/03/2012,03/03/2012,True,100.0
invoice_050.jpg,Denoise,90.77,Seller Tax ID,998-99-5253,998-99-5253,True,100.0
invoice_050.jpg,Denoise,90.77,Client Tax ID,911-82-7132,911-82-7132,True,100.0
invoice_050.jpg,Denoise,90.77,Seller IBAN,GB92PBPQ73499358975916,GB92PBPQ73499358975916,True,100.0
invoice_050.jpg,Denoise,90.77,Net Worth,6236.77,,False,0.0
invoice_050.jpg,Denoise,90.77,VAT,623.68,,False,0.0
invoice_050.jpg,Denoise,90.77,Gross Worth,6860.45,,False,0.0
invoice_050.jpg,Resize,90.12,Invoice Number,12847181,12847181,True,100.0
invoice_050.jpg,Resize,90.12,Invoice Date,03/03/2012,03/03/2012,True,100.0
invoice_050.jpg,Resize,90.12,Seller Tax ID,998-99-5253,998-99-5253,True,100.0
invoice_050.jpg,Resize,90.12,Client Tax ID,911-82-7132,911-82-7132,True,100.0
invoice_050.jpg,Resize,90.12,Seller IBAN,GB92PBPQ73499358975916,GB92PBPQ73499358975916,True,100.0
invoice_050.jpg,Resize,90.12,Net Worth,6236.77,,False,0.0
invoice_050.jpg,Resize,90.12,VAT,623.68,,False,0.0
invoice_050.jpg,Resize,90.12,Gross Worth,6860.45,,False,0.0
invoice_050.jpg,Sharpen,82.13,Invoice Number,12847181,12847181,True,100.0
invoice_050.jpg,Sharpen,82.13,Invoice Date,03/03/2012,03/03/2012,True,100.0
invoice_050.jpg,Sharpen,82.13,Seller Tax ID,998-99-5253,998-99-5253,True,100.0
invoice_050.jpg,Sharpen,82.13,Client Tax ID,911-82-7132,911-82-7132,True,100.0
invoice_050.jpg,Sharpen,82.13,Seller IBAN,GB92PBPQ73499358975916,GB92PBPQ73499358975916,True,100.0
invoice_050.jpg,Sharpen,82.13,Net Worth,6236.77,,False,0.0
invoice_050.jpg,Sharpen,82.13,VAT,623.68,,False,0.0
invoice_050.jpg,Sharpen,82.13,Gross Worth,6860.45,,False,0.0
